DATE,RVOL
02/01/2001,22.17
02/02/2001,15.21
02/05/2001,14.97
02/06/2001,11.72
02/07/2001,12.1
02/08/2001,12.26
02/09/2001,12.51
02/12/2001,12.74
02/13/2001,12.97
02/14/2001,12.82
02/15/2001,13.03
02/16/2001,13.7
02/20/2001,14.87
02/21/2001,16.46
02/22/2001,16
02/23/2001,16.07
02/26/2001,17.26
02/27/2001,17.42
02/28/2001,18.19
03/01/2001,18.03
03/02/2001,18.06
03/05/2001,18.18
03/06/2001,17.56
03/07/2001,17.55
03/08/2001,17.53
03/09/2001,19.48
03/12/2001,24.94
03/13/2001,25.23
03/14/2001,26.42
03/15/2001,26.28
03/16/2001,27.16
03/19/2001,27.82
03/20/2001,28.49
03/21/2001,28.5
03/22/2001,27.67
03/23/2001,28.66
03/26/2001,28.94
03/27/2001,29.36
03/28/2001,30.66
03/29/2001,30.15
03/30/2001,30.3
04/02/2001,30.59
04/03/2001,32.77
04/04/2001,32.57
04/05/2001,35.96
04/06/2001,36.69
04/09/2001,35.72
04/10/2001,33.3
04/11/2001,32.78
04/12/2001,31.91
04/16/2001,31.87
04/17/2001,31.31
04/18/2001,33.48
04/19/2001,32.51
04/20/2001,32.11
04/23/2001,32.5
04/24/2001,31.79
04/25/2001,31.91
04/26/2001,30.88
04/27/2001,29.85
04/30/2001,29.84
05/01/2001,30.06
05/02/2001,29.7
05/03/2001,27.64
05/04/2001,28.07
05/07/2001,23.52
05/08/2001,22.36
05/09/2001,22.16
05/10/2001,20.27
05/11/2001,20.48
05/14/2001,19.95
05/15/2001,19.93
05/16/2001,21.83
05/17/2001,17.18
05/18/2001,16.74
05/21/2001,17.41
05/22/2001,16.62
05/23/2001,17.15
05/24/2001,16.36
05/25/2001,16.75
05/29/2001,16.28
05/30/2001,17.25
05/31/2001,16.71
06/01/2001,16.78
06/04/2001,16.08
06/05/2001,16.01
06/06/2001,16.46
06/07/2001,16.55
06/08/2001,16.79
06/11/2001,17.02
06/12/2001,16.77
06/13/2001,17.2
06/14/2001,18.34
06/15/2001,15.72
06/18/2001,15.78
06/19/2001,15.8
06/20/2001,15.05
06/21/2001,15.41
06/22/2001,14.81
06/25/2001,14.87
06/26/2001,14.37
06/27/2001,14.22
06/28/2001,13.69
06/29/2001,13.55
07/02/2001,13.66
07/03/2001,13.58
07/05/2001,13.84
07/06/2001,15.73
07/09/2001,15.8
07/10/2001,16.23
07/11/2001,15.98
07/12/2001,18.08
07/13/2001,17.78
07/16/2001,16.99
07/17/2001,17.21
07/18/2001,17.2
07/19/2001,17.28
07/20/2001,17.06
07/23/2001,17.74
07/24/2001,18.44
07/25/2001,19.28
07/26/2001,19.7
07/27/2001,19.65
07/30/2001,19.18
07/31/2001,19.25
08/01/2001,19.17
08/02/2001,19.2
08/03/2001,18.49
08/06/2001,16.86
08/07/2001,16.73
08/08/2001,17.08
08/09/2001,17.08
08/10/2001,14.98
08/13/2001,14.85
08/14/2001,14.43
08/15/2001,14.36
08/16/2001,14.3
08/17/2001,15.15
08/20/2001,15.34
08/21/2001,14.78
08/22/2001,13.8
08/23/2001,12.58
08/24/2001,13.64
08/27/2001,13.72
08/28/2001,14.62
08/29/2001,14.99
08/30/2001,16.29
08/31/2001,16.36
09/04/2001,16.3
09/05/2001,15.86
09/06/2001,17.41
09/07/2001,17.75
09/10/2001,17.92
09/17/2001,17.79
09/18/2001,26.9
09/19/2001,27.49
09/20/2001,29.45
09/21/2001,29.96
09/24/2001,31.93
09/25/2001,32.03
09/26/2001,31.79
09/27/2001,31.92
09/28/2001,32.62
10/01/2001,31.93
10/02/2001,32.22
10/03/2001,32.56
10/04/2001,32.34
10/05/2001,31.67
10/08/2001,31.72
10/09/2001,31.77
10/10/2001,32.75
10/11/2001,32.34
10/12/2001,31.64
10/15/2001,31.55
10/16/2001,31.65
10/17/2001,25.3
10/18/2001,24.75
10/19/2001,22.24
10/22/2001,22.24
10/23/2001,18.59
10/24/2001,18.22
10/25/2001,18.61
10/26/2001,18.24
10/29/2001,18.71
10/30/2001,19.74
10/31/2001,19.22
11/01/2001,19.52
11/02/2001,19.55
11/05/2001,20.09
11/06/2001,20.66
11/07/2001,20.59
11/08/2001,19.02
11/09/2001,18.33
11/12/2001,18.25
11/13/2001,19.31
11/14/2001,19.15
11/15/2001,17.93
11/16/2001,17.79
11/19/2001,18.12
11/20/2001,17.36
11/21/2001,17.39
11/23/2001,18.01
11/26/2001,17.57
11/27/2001,17.64
11/28/2001,17.04
11/29/2001,16.2
11/30/2001,16.2
12/03/2001,14.55
12/04/2001,15.22
12/05/2001,16.53
12/06/2001,15.65
12/07/2001,15.82
12/10/2001,16.85
12/11/2001,16.86
12/12/2001,16.85
12/13/2001,16.64
12/14/2001,16.73
12/17/2001,16.99
12/18/2001,17.25
12/19/2001,16.98
12/20/2001,17.08
12/21/2001,17.02
12/24/2001,16.36
12/26/2001,16.37
12/27/2001,16.28
12/28/2001,14.93
12/31/2001,15.06
01/02/2002,15.18
01/03/2002,15.35
01/04/2002,14.76
01/07/2002,12.59
01/08/2002,12.62
01/09/2002,12.49
01/10/2002,11.04
01/11/2002,11.55
01/14/2002,11.72
01/15/2002,10.49
01/16/2002,11.7
01/17/2002,11.72
01/18/2002,11.76
01/22/2002,11.86
01/23/2002,11.85
01/24/2002,11.81
01/25/2002,11.81
01/28/2002,11.69
01/29/2002,15.3
01/30/2002,15.72
01/31/2002,15.97
02/01/2002,15.97
02/04/2002,18
02/05/2002,17.94
02/06/2002,17.91
02/07/2002,17.93
02/08/2002,18.64
02/11/2002,19.32
02/12/2002,19.06
02/13/2002,19.23
02/14/2002,19.09
02/15/2002,18.58
02/19/2002,19.61
02/20/2002,19.99
02/21/2002,20.58
02/22/2002,20.57
02/25/2002,21.54
02/26/2002,21.54
02/27/2002,21.55
02/28/2002,19.13
03/01/2002,20.27
03/04/2002,20.81
03/05/2002,20.84
03/06/2002,19.34
03/07/2002,19.37
03/08/2002,19.41
03/11/2002,19.39
03/12/2002,18.64
03/13/2002,18.22
03/14/2002,18.15
03/15/2002,18.3
03/18/2002,18.28
03/19/2002,18.04
03/20/2002,17.48
03/21/2002,16.75
03/22/2002,15.93
03/25/2002,16.4
03/26/2002,15.17
03/27/2002,15.28
03/28/2002,15.28
04/01/2002,15.24
04/02/2002,13.42
04/03/2002,12.29
04/04/2002,12.09
04/05/2002,11.17
04/08/2002,11.06
04/09/2002,11.09
04/10/2002,11.76
04/11/2002,14.19
04/12/2002,13.9
04/15/2002,14.06
04/16/2002,15.58
04/17/2002,15.58
04/18/2002,15.52
04/19/2002,14.56
04/22/2002,15.34
04/23/2002,15.43
04/24/2002,14.92
04/25/2002,14.83
04/26/2002,15.47
04/29/2002,15.86
04/30/2002,16.27
05/01/2002,16.32
05/02/2002,15.79
05/03/2002,16.17
05/06/2002,17.48
05/07/2002,17.5
05/08/2002,21.43
05/09/2002,21.58
05/10/2002,20.78
05/13/2002,21.56
05/14/2002,22.64
05/15/2002,21.33
05/16/2002,21.43
05/17/2002,21.59
05/20/2002,22.04
05/21/2002,21.83
05/22/2002,21.76
05/23/2002,21.89
05/24/2002,22.27
05/28/2002,21.9
05/29/2002,21.76
05/30/2002,21.47
05/31/2002,21.3
06/03/2002,23.48
06/04/2002,23.23
06/05/2002,22.46
06/06/2002,23.45
06/07/2002,19.81
06/10/2002,19.22
06/11/2002,19.27
06/12/2002,18.47
06/13/2002,17.39
06/14/2002,17.31
06/17/2002,19.75
06/18/2002,19.58
06/19/2002,19.86
06/20/2002,20.04
06/21/2002,20.82
06/24/2002,20.59
06/25/2002,21.05
06/26/2002,20.93
06/27/2002,21.7
06/28/2002,21.69
07/01/2002,22.92
07/02/2002,21.84
07/03/2002,21.9
07/05/2002,25.29
07/08/2002,24.79
07/09/2002,26.29
07/10/2002,29.03
07/11/2002,28.65
07/12/2002,28.7
07/15/2002,28.49
07/16/2002,29.1
07/17/2002,27.49
07/18/2002,29.41
07/19/2002,32.01
07/22/2002,33.37
07/23/2002,34.22
07/24/2002,39.7
07/25/2002,39.35
07/26/2002,39.83
07/29/2002,43.1
07/30/2002,43.15
07/31/2002,42.59
08/01/2002,43.6
08/02/2002,44.12
08/05/2002,43.87
08/06/2002,45.02
08/07/2002,44.63
08/08/2002,44.29
08/09/2002,44.18
08/12/2002,44.14
08/13/2002,44.72
08/14/2002,46.3
08/15/2002,46.44
08/16/2002,45.25
08/19/2002,43.82
08/20/2002,42.77
08/21/2002,41.89
08/22/2002,37.05
08/23/2002,37.78
08/26/2002,37.33
08/27/2002,33.25
08/28/2002,33.79
08/29/2002,33.67
08/30/2002,31.59
09/03/2002,34.22
09/04/2002,32.48
09/05/2002,30.88
09/06/2002,30.62
09/09/2002,28.84
09/10/2002,28.96
09/11/2002,28.9
09/12/2002,29.13
09/13/2002,25.89
09/16/2002,25.58
09/17/2002,26.43
09/18/2002,25.27
09/19/2002,27.13
09/20/2002,26.84
09/23/2002,26.78
09/24/2002,26.28
09/25/2002,27.45
09/26/2002,27.92
09/27/2002,29.72
09/30/2002,30.23
10/01/2002,33.32
10/02/2002,30.81
10/03/2002,30.58
10/04/2002,31.07
10/07/2002,31.36
10/08/2002,31.53
10/09/2002,32.77
10/10/2002,34.81
10/11/2002,36.44
10/14/2002,36.52
10/15/2002,39.95
10/16/2002,40.31
10/17/2002,40.94
10/18/2002,39.52
10/21/2002,39.99
10/22/2002,39.89
10/23/2002,39.5
10/24/2002,38.98
10/25/2002,38.74
10/28/2002,36.88
10/29/2002,36.63
10/30/2002,33.97
10/31/2002,33.12
11/01/2002,33.44
11/04/2002,32.74
11/05/2002,32.2
11/06/2002,31.9
11/07/2002,31.54
11/08/2002,29.4
11/11/2002,26.98
11/12/2002,26.96
11/13/2002,21.54
11/14/2002,21.51
11/15/2002,20.31
11/18/2002,20.54
11/19/2002,19.63
11/20/2002,20.35
11/21/2002,21.52
11/22/2002,20.9
11/25/2002,20.19
11/26/2002,21.43
11/27/2002,23.18
11/29/2002,22.99
12/02/2002,22.91
12/03/2002,22.55
12/04/2002,22.43
12/05/2002,22.68
12/06/2002,22.64
12/09/2002,22.64
12/10/2002,22.97
12/11/2002,21.93
12/12/2002,21.84
12/13/2002,22.36
12/16/2002,22.32
12/17/2002,22.38
12/18/2002,22.59
12/19/2002,22.7
12/20/2002,22.1
12/23/2002,20.84
12/24/2002,20.91
12/26/2002,20.94
12/27/2002,20.3
12/30/2002,18.03
12/31/2002,18.01
01/02/2003,21.27
01/03/2003,20.74
01/06/2003,22.15
01/07/2003,21.84
01/08/2003,22.28
01/09/2003,21.82
01/10/2003,21.28
01/13/2003,21.29
01/14/2003,21.35
01/15/2003,21.36
01/16/2003,19.71
01/17/2003,20.09
01/21/2003,20.35
01/22/2003,20.52
01/23/2003,20.44
01/24/2003,23.11
01/27/2003,23.59
01/28/2003,23.93
01/29/2003,23.46
01/30/2003,24.79
01/31/2003,25.15
02/03/2003,22.51
02/04/2003,23.03
02/05/2003,21.74
02/06/2003,21.69
02/07/2003,21.43
02/10/2003,20.57
02/11/2003,20.79
02/12/2003,21.25
02/13/2003,21.16
02/14/2003,21.99
02/18/2003,22.9
02/19/2003,22.57
02/20/2003,22.07
02/21/2003,22.3
02/24/2003,22.91
02/25/2003,20.31
02/26/2003,20.19
02/27/2003,20.09
02/28/2003,19.98
03/03/2003,18.44
03/04/2003,18.57
03/05/2003,18.65
03/06/2003,18.22
03/07/2003,18.29
03/10/2003,20.32
03/11/2003,20.14
03/12/2003,19.99
03/13/2003,23.17
03/14/2003,22.74
03/17/2003,25.68
03/18/2003,24.54
03/19/2003,23.84
03/20/2003,23.72
03/21/2003,24.72
03/24/2003,27.33
03/25/2003,26.91
03/26/2003,26.91
03/27/2003,26.51
03/28/2003,26.33
03/31/2003,27.03
04/01/2003,27.26
04/02/2003,28.32
04/03/2003,28.27
04/04/2003,28.16
04/07/2003,28.05
04/08/2003,26.54
04/09/2003,26.91
04/10/2003,26.96
04/11/2003,24.11
04/14/2003,24.98
04/15/2003,22.05
04/16/2003,22.42
04/17/2003,22.86
04/21/2003,22.84
04/22/2003,22.77
04/23/2003,19.15
04/24/2003,18.88
04/25/2003,19.38
04/28/2003,20.39
04/29/2003,20.32
04/30/2003,19.3
05/01/2003,18.78
05/02/2003,17.33
05/05/2003,17.27
05/06/2003,17.5
05/07/2003,17.58
05/08/2003,17.97
05/09/2003,17.93
05/12/2003,18.34
05/13/2003,18.36
05/14/2003,17.18
05/15/2003,17.23
05/16/2003,16.7
05/19/2003,18
05/20/2003,18.01
05/21/2003,16.41
05/22/2003,16.53
05/23/2003,16.28
05/27/2003,17.05
05/28/2003,15.83
05/29/2003,15.86
05/30/2003,16.73
06/02/2003,16.76
06/03/2003,15.97
06/04/2003,16.64
06/05/2003,16.43
06/06/2003,16.37
06/09/2003,16.45
06/10/2003,16.01
06/11/2003,15.98
06/12/2003,15.95
06/13/2003,16.35
06/16/2003,17.83
06/17/2003,17.82
06/18/2003,15.6
06/19/2003,16.45
06/20/2003,16.42
06/23/2003,16.81
06/24/2003,16.84
06/25/2003,15.53
06/26/2003,15.92
06/27/2003,16.24
06/30/2003,15.34
07/01/2003,15.52
07/02/2003,15.86
07/03/2003,15.43
07/07/2003,16.92
07/08/2003,16.91
07/09/2003,16.5
07/10/2003,16.88
07/11/2003,16.67
07/14/2003,16.79
07/15/2003,16.42
07/16/2003,14.74
07/17/2003,15.33
07/18/2003,15.74
07/21/2003,15.56
07/22/2003,15.84
07/23/2003,15.04
07/24/2003,15.19
07/25/2003,16.08
07/28/2003,15.7
07/29/2003,15.51
07/30/2003,15.51
07/31/2003,15.32
08/01/2003,15.28
08/04/2003,14.98
08/05/2003,14.55
08/06/2003,14.53
08/07/2003,14.61
08/08/2003,13.86
08/11/2003,13.46
08/12/2003,13.76
08/13/2003,13.9
08/14/2003,13.91
08/15/2003,13.25
08/18/2003,13.17
08/19/2003,12.36
08/20/2003,12.01
08/21/2003,12.06
08/22/2003,12.34
08/25/2003,10.82
08/26/2003,10.85
08/27/2003,10.56
08/28/2003,10.73
08/29/2003,10.88
09/02/2003,11.29
09/03/2003,11.33
09/04/2003,9.55
09/05/2003,9.83
09/08/2003,10.16
09/09/2003,10.4
09/10/2003,11.2
09/11/2003,10.82
09/12/2003,10.57
09/15/2003,10.41
09/16/2003,11.51
09/17/2003,11.09
09/18/2003,11.99
09/19/2003,12.02
09/22/2003,12.8
09/23/2003,12.46
09/24/2003,14.09
09/25/2003,14.17
09/26/2003,14.33
09/29/2003,14.49
09/30/2003,14.73
10/01/2003,15.61
10/02/2003,15.59
10/03/2003,15.96
10/06/2003,15.84
10/07/2003,15.54
10/08/2003,15.41
10/09/2003,14.87
10/10/2003,14.74
10/13/2003,14.92
10/14/2003,14.94
10/15/2003,14.15
10/16/2003,14.14
10/17/2003,13.83
10/20/2003,13.89
10/21/2003,13.15
10/22/2003,13.94
10/23/2003,12.33
10/24/2003,12.31
10/27/2003,12.16
10/28/2003,12.98
10/29/2003,12.55
10/30/2003,10.45
10/31/2003,10.48
11/03/2003,10.3
11/04/2003,10.38
11/05/2003,10.27
11/06/2003,10.35
11/07/2003,10.37
11/10/2003,10.61
11/11/2003,10.34
11/12/2003,11.05
11/13/2003,11.01
11/14/2003,11.28
11/17/2003,10.93
11/18/2003,11.25
11/19/2003,11.61
11/20/2003,10.72
11/21/2003,10.68
11/24/2003,11.85
11/25/2003,11.86
11/26/2003,10.6
11/28/2003,10.59
12/01/2003,11.19
12/02/2003,11.16
12/03/2003,10.78
12/04/2003,10.73
12/05/2003,11.02
12/08/2003,11.04
12/09/2003,11.32
12/10/2003,11.11
12/11/2003,11.96
12/12/2003,11.24
12/15/2003,11.4
12/16/2003,11.29
12/17/2003,11.06
12/18/2003,11.41
12/19/2003,11.04
12/22/2003,10.9
12/23/2003,10.94
12/24/2003,9.5
12/26/2003,9.46
12/29/2003,10.41
12/30/2003,10.4
12/31/2003,9.73
01/02/2004,9.71
01/05/2004,10.61
01/06/2004,10.5
01/07/2004,10.21
01/08/2004,10.05
01/09/2004,9.9
01/12/2004,10.03
01/13/2004,9.24
01/14/2004,9.59
01/15/2004,9.41
01/16/2004,9.42
01/20/2004,9.41
01/21/2004,8.76
01/22/2004,8.8
01/23/2004,8.72
01/26/2004,9.66
01/27/2004,10.17
01/28/2004,11.16
01/29/2004,10.31
01/30/2004,10.35
02/02/2004,10.42
02/03/2004,10.41
02/04/2004,9.86
02/05/2004,9.87
02/06/2004,10.64
02/09/2004,10.59
02/10/2004,10.45
02/11/2004,10.95
02/12/2004,10.86
02/13/2004,10.66
02/17/2004,11.08
02/18/2004,10.96
02/19/2004,11.05
02/20/2004,10.79
02/23/2004,10.82
02/24/2004,10.78
02/25/2004,10.01
02/26/2004,9.5
02/27/2004,8.31
03/01/2004,8.74
03/02/2004,8.84
03/03/2004,8.77
03/04/2004,8.82
03/05/2004,8.42
03/08/2004,8.95
03/09/2004,8.19
03/10/2004,9.6
03/11/2004,11.03
03/12/2004,11.29
03/15/2004,12.24
03/16/2004,12.24
03/17/2004,12.58
03/18/2004,12.5
03/19/2004,13.03
03/22/2004,13.76
03/23/2004,13.71
03/24/2004,13.74
03/25/2004,14.7
03/26/2004,14.7
03/29/2004,15.26
03/30/2004,15.02
03/31/2004,14.94
04/01/2004,15.07
04/02/2004,15.32
04/05/2004,15.51
04/06/2004,15.21
04/07/2004,15.23
04/08/2004,14.37
04/12/2004,13.33
04/13/2004,13.47
04/14/2004,12.54
04/15/2004,12.42
04/16/2004,11.78
04/19/2004,11.78
04/20/2004,12.32
04/21/2004,11.65
04/22/2004,12.73
04/23/2004,12.68
04/26/2004,11.55
04/27/2004,11.59
04/28/2004,11.92
04/29/2004,12.14
04/30/2004,12.3
05/03/2004,12.51
05/04/2004,12.17
05/05/2004,11.92
05/06/2004,12.13
05/07/2004,12.93
05/10/2004,13.44
05/11/2004,13.55
05/12/2004,12.71
05/13/2004,12.71
05/14/2004,12.7
05/17/2004,13.14
05/18/2004,13.36
05/19/2004,12.27
05/20/2004,12.11
05/21/2004,11.02
05/24/2004,11.05
05/25/2004,12.35
05/26/2004,12.32
05/27/2004,11.4
05/28/2004,11.07
06/01/2004,10.89
06/02/2004,10.55
06/03/2004,10.86
06/04/2004,11.01
06/07/2004,11.98
06/08/2004,10.96
06/09/2004,10.73
06/10/2004,10.5
06/14/2004,11
06/15/2004,11.27
06/16/2004,11.27
06/17/2004,10.63
06/18/2004,10.37
06/21/2004,10.45
06/22/2004,10.56
06/23/2004,10.85
06/24/2004,10.86
06/25/2004,9.28
06/28/2004,9.41
06/29/2004,9.31
06/30/2004,9.4
07/01/2004,10.14
07/02/2004,10.12
07/06/2004,10.09
07/07/2004,9.92
07/08/2004,8.85
07/09/2004,8.92
07/12/2004,8.43
07/13/2004,8.33
07/14/2004,7.69
07/15/2004,7.46
07/16/2004,7.57
07/19/2004,7.57
07/20/2004,7.82
07/21/2004,8.84
07/22/2004,8.72
07/23/2004,8.96
07/26/2004,8.93
07/27/2004,9.54
07/28/2004,9.42
07/29/2004,9.49
07/30/2004,9.4
08/02/2004,8.74
08/03/2004,8.92
08/04/2004,8.57
08/05/2004,10.15
08/06/2004,11.12
08/09/2004,11.07
08/10/2004,11.78
08/11/2004,11.81
08/12/2004,12.42
08/13/2004,12.32
08/16/2004,13.13
08/17/2004,13.15
08/18/2004,13.75
08/19/2004,13.12
08/20/2004,13.33
08/23/2004,12.89
08/24/2004,12.89
08/25/2004,12.77
08/26/2004,12.77
08/27/2004,12.71
08/30/2004,12.98
08/31/2004,12.95
09/01/2004,12.78
09/02/2004,13.32
09/03/2004,12.2
09/07/2004,11.18
09/08/2004,11.26
09/09/2004,10.51
09/10/2004,10.63
09/13/2004,9.86
09/14/2004,9.87
09/15/2004,9.04
09/16/2004,9.07
09/17/2004,8
09/20/2004,8.01
09/21/2004,7.93
09/22/2004,9.36
09/23/2004,9.46
09/24/2004,8.98
09/27/2004,9.18
09/28/2004,9.37
09/29/2004,9.05
09/30/2004,8.96
10/01/2004,10.39
10/04/2004,9.76
10/05/2004,9.69
10/06/2004,9.66
10/07/2004,10.19
10/08/2004,10.48
10/11/2004,10.33
10/12/2004,10.35
10/13/2004,10.68
10/14/2004,10.8
10/15/2004,10.88
10/18/2004,10.92
10/19/2004,11.24
10/20/2004,11.04
10/21/2004,9.88
10/22/2004,10.37
10/25/2004,10.36
10/26/2004,11.25
10/27/2004,12.02
10/28/2004,11.98
10/29/2004,11.99
11/01/2004,10.77
11/02/2004,10.7
11/03/2004,11.28
11/04/2004,12.48
11/05/2004,12.04
11/08/2004,11.79
11/09/2004,11.77
11/10/2004,11.74
11/11/2004,11.84
11/12/2004,11.75
11/15/2004,11.63
11/16/2004,11.72
11/17/2004,11.42
11/18/2004,11.45
11/19/2004,12.04
11/22/2004,11.68
11/23/2004,11.68
11/24/2004,10.74
11/26/2004,9.67
11/29/2004,9.67
11/30/2004,9.74
12/01/2004,10.76
12/02/2004,10.76
12/03/2004,10.15
12/06/2004,8.38
12/07/2004,9.05
12/08/2004,9.14
12/09/2004,9.37
12/10/2004,9.37
12/13/2004,9.36
12/14/2004,9.11
12/15/2004,9.13
12/16/2004,8.91
12/17/2004,8.96
12/20/2004,8.93
12/21/2004,8.6
12/22/2004,8.49
12/23/2004,8.49
12/27/2004,8.48
12/28/2004,8.75
12/29/2004,8.73
12/30/2004,8.64
12/31/2004,7.33
01/03/2005,7.92
01/04/2005,8.76
01/05/2005,8.77
01/06/2005,7.97
01/07/2005,7.89
01/10/2005,7.69
01/11/2005,7.89
01/12/2005,7.34
01/13/2005,7.85
01/14/2005,8.1
01/18/2005,8.71
01/19/2005,9.15
01/20/2005,9.52
01/21/2005,9.23
01/24/2005,9.21
01/25/2005,9.3
01/26/2005,9.33
01/27/2005,9.07
01/28/2005,9.11
01/31/2005,9.52
02/01/2005,9.82
02/02/2005,9.43
02/03/2005,8.7
02/04/2005,9.47
02/07/2005,9.47
02/08/2005,9.46
02/09/2005,9.9
02/10/2005,9.85
02/11/2005,10.09
02/14/2005,9.6
02/15/2005,9.43
02/16/2005,8.81
02/17/2005,8.54
02/18/2005,8.13
02/22/2005,9.31
02/23/2005,9.45
02/24/2005,9.67
02/25/2005,10.1
02/28/2005,10.38
03/01/2005,10.58
03/02/2005,10.22
03/03/2005,9.92
03/04/2005,10.44
03/07/2005,10.42
03/08/2005,9.85
03/09/2005,10.44
03/10/2005,10.44
03/11/2005,10.22
03/14/2005,10.26
03/15/2005,10.27
03/16/2005,10.67
03/17/2005,10.64
03/18/2005,10.64
03/21/2005,10.43
03/22/2005,10.96
03/23/2005,9.8
03/24/2005,9.6
03/28/2005,9.34
03/29/2005,9.24
03/30/2005,10.08
03/31/2005,9.83
04/01/2005,10.07
04/04/2005,10.11
04/05/2005,9.61
04/06/2005,9.61
04/07/2005,9.7
04/08/2005,9.5
04/11/2005,9.5
04/12/2005,9.4
04/13/2005,10.19
04/14/2005,10.42
04/15/2005,11.48
04/18/2005,11.48
04/19/2005,11.67
04/20/2005,12.39
04/21/2005,13.54
04/22/2005,13.72
04/25/2005,14.05
04/26/2005,14.31
04/27/2005,14.04
04/28/2005,13.81
04/29/2005,14.37
05/02/2005,14.31
05/03/2005,14.28
05/04/2005,14.74
05/05/2005,14.74
05/06/2005,14.62
05/09/2005,14.53
05/10/2005,15.03
05/11/2005,14.99
05/12/2005,14.79
05/13/2005,14.48
05/16/2005,13.82
05/17/2005,13.99
05/18/2005,14.25
05/19/2005,13.63
05/20/2005,12.04
05/23/2005,11.92
05/24/2005,11.54
05/25/2005,11.23
05/26/2005,11.37
05/27/2005,10.67
05/31/2005,10.04
06/01/2005,10.2
06/02/2005,10.23
06/03/2005,9.7
06/06/2005,9.67
06/07/2005,9.65
06/08/2005,9.38
06/09/2005,8.7
06/10/2005,8.62
06/13/2005,7.92
06/14/2005,7.81
06/15/2005,6.98
06/16/2005,6.72
06/17/2005,6.04
06/20/2005,5.82
06/21/2005,5.86
06/22/2005,5.66
06/23/2005,6.82
06/24/2005,7.21
06/27/2005,6.9
06/28/2005,7.57
06/29/2005,7.43
06/30/2005,7.41
07/01/2005,7.43
07/05/2005,7.67
07/06/2005,8.19
07/07/2005,8.23
07/08/2005,9.17
07/11/2005,9.23
07/12/2005,9.24
07/13/2005,9.2
07/14/2005,9.22
07/15/2005,9.21
07/18/2005,9.34
07/19/2005,9.51
07/20/2005,9.62
07/21/2005,9.83
07/22/2005,9.98
07/25/2005,9.28
07/26/2005,8.92
07/27/2005,9.02
07/28/2005,8.69
07/29/2005,8.98
08/01/2005,8.66
08/02/2005,8.92
08/03/2005,8.44
08/04/2005,8.3
08/05/2005,8.65
08/08/2005,7.67
08/09/2005,7.78
08/10/2005,7.75
08/11/2005,8.1
08/12/2005,8.27
08/15/2005,8.32
08/16/2005,9.12
08/17/2005,8.78
08/18/2005,8.67
08/19/2005,8.42
08/22/2005,8.26
08/23/2005,8.25
08/24/2005,8.58
08/25/2005,8.49
08/26/2005,8.44
08/29/2005,8.35
08/30/2005,8.45
08/31/2005,8.74
09/01/2005,8.75
09/02/2005,8.44
09/06/2005,9.22
09/07/2005,9.19
09/08/2005,8.95
09/09/2005,9.27
09/12/2005,8.97
09/13/2005,9.11
09/14/2005,9.13
09/15/2005,8.09
09/16/2005,8.59
09/19/2005,8.79
09/20/2005,9.11
09/21/2005,9.73
09/22/2005,9.79
09/23/2005,9.49
09/26/2005,9.48
09/27/2005,9.31
09/28/2005,9.08
09/29/2005,9.54
09/30/2005,8.97
10/03/2005,8.95
10/04/2005,9.6
10/05/2005,9.95
10/06/2005,10.06
10/07/2005,10.1
10/10/2005,10.07
10/11/2005,10.1
10/12/2005,10.03
10/13/2005,9.95
10/14/2005,10.36
10/17/2005,9.99
10/18/2005,10.37
10/19/2005,11.22
10/20/2005,12.03
10/21/2005,12
10/24/2005,13.13
10/25/2005,13.14
10/26/2005,13.19
10/27/2005,13.64
10/28/2005,14.03
10/31/2005,14.3
11/01/2005,14.31
11/02/2005,14.17
11/03/2005,13.25
11/04/2005,13.15
11/07/2005,13.09
11/08/2005,12.93
11/09/2005,12.92
11/10/2005,13.06
11/11/2005,13.1
11/14/2005,12.77
11/15/2005,12.83
11/16/2005,12.4
11/17/2005,11.74
11/18/2005,10.51
11/21/2005,10.59
11/22/2005,9.3
11/23/2005,9.39
11/25/2005,9.34
11/28/2005,9.05
11/29/2005,7.82
11/30/2005,7.67
12/01/2005,8.68
12/02/2005,8.15
12/05/2005,8.05
12/06/2005,8.06
12/07/2005,8.2
12/08/2005,8.12
12/09/2005,8.16
12/12/2005,7.62
12/13/2005,7.78
12/14/2005,7.92
12/15/2005,7.79
12/16/2005,7.77
12/19/2005,7.51
12/20/2005,7.28
12/21/2005,7.12
12/22/2005,7.03
12/23/2005,6.9
12/27/2005,7.58
12/28/2005,7.11
12/29/2005,7.2
12/30/2005,7.06
01/03/2006,8.13
01/04/2006,8.24
01/05/2006,8.22
01/06/2006,8.81
01/09/2006,8.77
01/10/2006,8.77
01/11/2006,8.76
01/12/2006,8.98
01/13/2006,8.78
01/17/2006,8.72
01/18/2006,8.83
01/19/2006,9
01/20/2006,10.65
01/23/2006,10.67
01/24/2006,10.68
01/25/2006,10.62
01/26/2006,10.89
01/27/2006,10.71
01/30/2006,10.73
01/31/2006,10.79
02/01/2006,10.64
02/02/2006,9.4
02/03/2006,9.52
02/06/2006,9.53
02/07/2006,9.41
02/08/2006,9.68
02/09/2006,9.68
02/10/2006,9.68
02/13/2006,9.53
02/14/2006,10.1
02/15/2006,10.09
02/16/2006,10.35
02/17/2006,10.21
02/21/2006,8.23
02/22/2006,8.53
02/23/2006,8.56
02/24/2006,8.55
02/27/2006,8.28
02/28/2006,8.74
03/01/2006,9.14
03/02/2006,9
03/03/2006,9.01
03/06/2006,8.88
03/07/2006,8.67
03/08/2006,8.69
03/09/2006,8.37
03/10/2006,8.32
03/13/2006,8.35
03/14/2006,9.05
03/15/2006,9.13
03/16/2006,8.51
03/17/2006,8.47
03/20/2006,8.02
03/21/2006,8.31
03/22/2006,8.53
03/23/2006,8.25
03/24/2006,8.18
03/27/2006,8.17
03/28/2006,8.38
03/29/2006,7.88
03/30/2006,7.41
03/31/2006,7.49
04/03/2006,7.49
04/04/2006,7.36
04/05/2006,7.45
04/06/2006,7.45
04/07/2006,8.09
04/10/2006,7.7
04/11/2006,8.17
04/12/2006,7.35
04/13/2006,7.17
04/17/2006,7.19
04/18/2006,9.26
04/19/2006,9.28
04/20/2006,9
04/21/2006,8.77
04/24/2006,8.75
04/25/2006,8.9
04/26/2006,8.94
04/27/2006,8.75
04/28/2006,8.4
05/01/2006,8.49
05/02/2006,8.62
05/03/2006,8.7
05/04/2006,8.54
05/05/2006,9.16
05/08/2006,9.14
05/09/2006,8.43
05/10/2006,8.44
05/11/2006,9.12
05/12/2006,9.93
05/15/2006,9.97
05/16/2006,9.96
05/17/2006,10.08
05/18/2006,10.32
05/19/2006,10.42
05/22/2006,10.47
05/23/2006,10.57
05/24/2006,10.44
05/25/2006,11.2
05/26/2006,11.28
05/30/2006,12.43
05/31/2006,12.59
06/01/2006,13.11
06/02/2006,13.06
06/05/2006,14.28
06/06/2006,13.84
06/07/2006,14
06/08/2006,14.01
06/09/2006,14.12
06/12/2006,14.07
06/13/2006,13.97
06/14/2006,14.06
06/15/2006,15.79
06/16/2006,14.6
06/19/2006,14.77
06/20/2006,14.69
06/21/2006,14.97
06/22/2006,14.99
06/23/2006,14.99
06/26/2006,14.48
06/27/2006,14.69
06/28/2006,13.82
06/29/2006,15.46
06/30/2006,14.91
07/03/2006,15.06
07/05/2006,14.04
07/06/2006,14.04
07/07/2006,14.05
07/10/2006,14.06
07/11/2006,13.99
07/12/2006,13.85
07/13/2006,14.15
07/14/2006,14.12
07/17/2006,12.16
07/18/2006,12.15
07/19/2006,13.28
07/20/2006,13.57
07/21/2006,13.4
07/24/2006,14.37
07/25/2006,14.53
07/26/2006,14.46
07/27/2006,14.21
07/28/2006,14.65
07/31/2006,12.68
08/01/2006,12.75
08/02/2006,12.67
08/03/2006,12.48
08/04/2006,12.47
08/07/2006,12.29
08/08/2006,12.33
08/09/2006,12.37
08/10/2006,11.87
08/11/2006,11.02
08/14/2006,10.92
08/15/2006,11.78
08/16/2006,12.06
08/17/2006,10.34
08/18/2006,10.03
08/21/2006,9.83
08/22/2006,8.16
08/23/2006,8.07
08/24/2006,8.11
08/25/2006,7.95
08/28/2006,7.14
08/29/2006,7.17
08/30/2006,7.03
08/31/2006,6.83
09/01/2006,7.05
09/05/2006,7.1
09/06/2006,7.86
09/07/2006,7.94
09/08/2006,7.88
09/11/2006,7.74
09/12/2006,8.41
09/13/2006,8.48
09/14/2006,7.23
09/15/2006,6.8
09/18/2006,6.77
09/19/2006,6.73
09/20/2006,6.67
09/21/2006,6.94
09/22/2006,6.79
09/25/2006,7.49
09/26/2006,7.89
09/27/2006,7.69
09/28/2006,7.67
09/29/2006,7.69
10/02/2006,7.76
10/03/2006,7.59
10/04/2006,8.34
10/05/2006,7.64
10/06/2006,7.5
10/09/2006,7.41
10/10/2006,7.44
10/11/2006,6.6
10/12/2006,7.25
10/13/2006,7.26
10/16/2006,7.27
10/17/2006,7.35
10/18/2006,7.29
10/19/2006,7.31
10/20/2006,7.05
10/23/2006,7.34
10/24/2006,6.57
10/25/2006,6.17
10/26/2006,6.38
10/27/2006,6.85
10/30/2006,6.82
10/31/2006,6.75
11/01/2006,7.06
11/02/2006,6.11
11/03/2006,6.08
11/06/2006,7.13
11/07/2006,7.16
11/08/2006,7.16
11/09/2006,7.28
11/10/2006,6.51
11/13/2006,6.58
11/14/2006,6.85
11/15/2006,6.8
11/16/2006,6.83
11/17/2006,6.82
11/20/2006,6.82
11/21/2006,6.44
11/22/2006,6.48
11/24/2006,6.52
11/27/2006,7.83
11/28/2006,7.54
11/29/2006,8.13
11/30/2006,8.13
12/01/2006,7.9
12/04/2006,8.5
12/05/2006,8.61
12/06/2006,7.74
12/07/2006,7.82
12/08/2006,7.8
12/11/2006,7.68
12/12/2006,7.68
12/13/2006,7.61
12/14/2006,7.84
12/15/2006,7.81
12/18/2006,7.83
12/19/2006,7.85
12/20/2006,7.87
12/21/2006,7.98
12/22/2006,8.13
12/26/2006,8.18
12/27/2006,7.14
12/28/2006,7.07
12/29/2006,6.57
01/03/2007,6.57
01/04/2007,6.48
01/05/2007,6.01
01/08/2007,5.86
01/09/2007,5.85
01/10/2007,5.7
01/11/2007,6.14
01/12/2007,6.27
01/16/2007,6.27
01/17/2007,6.27
01/18/2007,5.71
01/19/2007,5.82
01/22/2007,5.96
01/23/2007,6.01
01/24/2007,6.65
01/25/2007,7.53
01/26/2007,7.35
01/29/2007,7.2
01/30/2007,7.05
01/31/2007,7.4
02/01/2007,7.44
02/02/2007,7.46
02/05/2007,7.45
02/06/2007,7.18
02/07/2007,7.14
02/08/2007,7.14
02/09/2007,7.52
02/12/2007,7.22
02/13/2007,7.48
02/14/2007,7.87
02/15/2007,7.89
02/16/2007,7.79
02/20/2007,7.79
02/21/2007,7.67
02/22/2007,7.6
02/23/2007,7.13
02/26/2007,6.04
02/27/2007,13.72
02/28/2007,13.81
03/01/2007,13.71
03/02/2007,14
03/05/2007,14.22
03/06/2007,14.93
03/07/2007,14.95
03/08/2007,15.13
03/09/2007,15.13
03/12/2007,15.17
03/13/2007,16.62
03/14/2007,16.75
03/15/2007,16.6
03/16/2007,16.47
03/19/2007,16.88
03/20/2007,17.01
03/21/2007,17.87
03/22/2007,17.86
03/23/2007,17.86
03/26/2007,17.82
03/27/2007,17.94
03/28/2007,13.35
03/29/2007,13.31
03/30/2007,13.3
04/02/2007,12.81
04/03/2007,12.76
04/04/2007,11.9
04/05/2007,11.94
04/09/2007,11.72
04/10/2007,11.74
04/11/2007,11.91
04/12/2007,9.72
04/13/2007,9.52
04/16/2007,10.12
04/17/2007,10.06
04/18/2007,9.35
04/19/2007,9.1
04/20/2007,7.93
04/23/2007,7.95
04/24/2007,7.94
04/25/2007,8.55
04/26/2007,8.3
04/27/2007,7.78
04/30/2007,8.1
05/01/2007,8.13
05/02/2007,8.38
05/03/2007,7.99
05/04/2007,8.03
05/07/2007,7.99
05/08/2007,7.98
05/09/2007,8.01
05/10/2007,9
05/11/2007,9.36
05/14/2007,9.3
05/15/2007,8.58
05/16/2007,8.98
05/17/2007,8.98
05/18/2007,9.29
05/21/2007,8.66
05/22/2007,8.64
05/23/2007,8.67
05/24/2007,8.68
05/25/2007,8.85
05/29/2007,8.88
05/30/2007,8.87
05/31/2007,8.84
06/01/2007,8.63
06/04/2007,8.55
06/05/2007,8.65
06/06/2007,9.13
06/07/2007,11.24
06/08/2007,11.84
06/11/2007,10.88
06/12/2007,10.97
06/13/2007,12.07
06/14/2007,12.18
06/15/2007,12.12
06/18/2007,12.11
06/19/2007,11.88
06/20/2007,12.9
06/21/2007,13.09
06/22/2007,13.74
06/25/2007,13.44
06/26/2007,13.37
06/27/2007,13.67
06/28/2007,13.42
06/29/2007,13.46
07/02/2007,14.04
07/03/2007,14.07
07/05/2007,13.99
07/06/2007,13.69
07/09/2007,12.02
07/10/2007,12.39
07/11/2007,12.53
07/12/2007,13.61
07/13/2007,12.67
07/16/2007,12.57
07/17/2007,12.33
07/18/2007,12.36
07/19/2007,12.42
07/20/2007,12.07
07/23/2007,12
07/24/2007,13
07/25/2007,12.97
07/26/2007,14.81
07/27/2007,15.99
07/30/2007,16.4
07/31/2007,16.93
08/01/2007,16.62
08/02/2007,16.62
08/03/2007,18.98
08/06/2007,20.64
08/07/2007,20.76
08/08/2007,20.67
08/09/2007,22.59
08/10/2007,21.66
08/13/2007,21.64
08/14/2007,22.44
08/15/2007,23.12
08/16/2007,23.19
08/17/2007,24.56
08/20/2007,24.22
08/21/2007,24.16
08/22/2007,23.52
08/23/2007,23.49
08/24/2007,22.73
08/27/2007,21.97
08/28/2007,22.96
08/29/2007,23.61
08/30/2007,23.49
08/31/2007,23.68
09/04/2007,22.22
09/05/2007,21.11
09/06/2007,21.06
09/07/2007,21.41
09/10/2007,19.29
09/11/2007,19.83
09/12/2007,19.82
09/13/2007,19.13
09/14/2007,18.3
09/17/2007,18.25
09/18/2007,18.79
09/19/2007,18.94
09/20/2007,19.07
09/21/2007,18.83
09/24/2007,18.9
09/25/2007,18.44
09/26/2007,18.21
09/27/2007,16.6
09/28/2007,15.12
10/01/2007,15.81
10/02/2007,15.47
10/03/2007,15
10/04/2007,14.37
10/05/2007,14.65
10/08/2007,13.41
10/09/2007,13.67
10/10/2007,12.9
10/11/2007,13
10/12/2007,12.75
10/15/2007,13.05
10/16/2007,13.12
10/17/2007,9.25
10/18/2007,8.93
10/19/2007,12.24
10/22/2007,12.17
10/23/2007,12.44
10/24/2007,12.47
10/25/2007,12.38
10/26/2007,13.22
10/29/2007,13.21
10/30/2007,12.49
10/31/2007,12.98
11/01/2007,15.74
11/02/2007,15.74
11/05/2007,15.54
11/06/2007,16.06
11/07/2007,18.92
11/08/2007,18.9
11/09/2007,19.56
11/12/2007,19.75
11/13/2007,21.94
11/14/2007,22.03
11/15/2007,22.43
11/16/2007,22.5
11/19/2007,21.55
11/20/2007,21.55
11/21/2007,22.12
11/23/2007,22.77
11/26/2007,24.1
11/27/2007,24.23
11/28/2007,26.17
11/29/2007,26.1
11/30/2007,26.03
12/03/2007,24.53
12/04/2007,24.61
12/05/2007,25.07
12/06/2007,25.25
12/07/2007,23.04
12/10/2007,23.23
12/11/2007,24.32
12/12/2007,24.21
12/13/2007,22.07
12/14/2007,22.46
12/17/2007,22.65
12/18/2007,22.64
12/19/2007,21.91
12/20/2007,21.94
12/21/2007,22.2
12/24/2007,21.64
12/26/2007,20.14
12/27/2007,20.01
12/28/2007,17.34
12/31/2007,17.53
01/02/2008,17.9
01/03/2008,17.73
01/04/2008,19.61
01/07/2008,18.95
01/08/2008,19.42
01/09/2008,19.99
01/10/2008,19.92
01/11/2008,18.39
01/14/2008,18.63
01/15/2008,20.58
01/16/2008,20.05
01/17/2008,21.88
01/18/2008,21.86
01/22/2008,22.17
01/23/2008,23.12
01/24/2008,22.37
01/25/2008,22.81
01/28/2008,23.55
01/29/2008,23.12
01/30/2008,23.19
01/31/2008,23.81
02/01/2008,23.74
02/04/2008,24.03
02/05/2008,24.93
02/06/2008,25.07
02/07/2008,24.32
02/08/2008,23.9
02/11/2008,23.86
02/12/2008,23.58
02/13/2008,23.67
02/14/2008,22.43
02/15/2008,22.34
02/19/2008,19.9
02/20/2008,19.99
02/21/2008,20.11
02/22/2008,19.16
02/25/2008,19.32
02/26/2008,18.83
02/27/2008,17.9
02/28/2008,18.05
02/29/2008,20.2
03/03/2008,19.31
03/04/2008,18.84
03/05/2008,18.57
03/06/2008,16.88
03/07/2008,16.88
03/10/2008,17.37
03/11/2008,21.05
03/12/2008,21.18
03/13/2008,21.09
03/14/2008,21.9
03/17/2008,21.67
03/18/2008,25.72
03/19/2008,26.95
03/20/2008,28.18
03/24/2008,28.34
03/25/2008,28.19
03/26/2008,28.04
03/27/2008,28.17
03/28/2008,28.3
03/31/2008,28.17
04/01/2008,29.41
04/02/2008,29.42
04/03/2008,29.4
04/04/2008,29.34
04/07/2008,28.32
04/08/2008,28.22
04/09/2008,27.94
04/10/2008,25.26
04/11/2008,25.96
04/14/2008,25.93
04/15/2008,24.96
04/16/2008,25.76
04/17/2008,21.71
04/18/2008,21.3
04/21/2008,19.48
04/22/2008,19
04/23/2008,19.02
04/24/2008,18.87
04/25/2008,18.64
04/28/2008,18.46
04/29/2008,18.44
04/30/2008,13.64
05/01/2008,14.92
05/02/2008,14.94
05/05/2008,15.01
05/06/2008,15.26
05/07/2008,16.53
05/08/2008,16.34
05/09/2008,16.46
05/12/2008,15.51
05/13/2008,15.46
05/14/2008,15.41
05/15/2008,14.16
05/16/2008,14.16
05/19/2008,12.41
05/20/2008,12.76
05/21/2008,13.75
05/22/2008,13.74
05/23/2008,14.31
05/27/2008,14.29
05/28/2008,14.35
05/29/2008,14.42
05/30/2008,14.3
06/02/2008,13.37
06/03/2008,13.5
06/04/2008,13.42
06/05/2008,14.64
06/06/2008,17.02
06/09/2008,16.98
06/10/2008,16.86
06/11/2008,17.4
06/12/2008,17.45
06/13/2008,18.09
06/16/2008,17.74
06/17/2008,17.88
06/18/2008,18.15
06/19/2008,17.93
06/20/2008,18
06/23/2008,17.98
06/24/2008,17.44
06/25/2008,17.41
06/26/2008,20.37
06/27/2008,20.32
06/30/2008,20.32
07/01/2008,20.1
07/02/2008,20.99
07/03/2008,21.01
07/07/2008,20.27
07/08/2008,18.06
07/09/2008,19.75
07/10/2008,19.89
07/11/2008,19.39
07/14/2008,19.64
07/15/2008,19.35
07/16/2008,21.06
07/17/2008,21.31
07/18/2008,21.08
07/21/2008,21.06
07/22/2008,20.64
07/23/2008,20.68
07/24/2008,22.07
07/25/2008,21.98
07/28/2008,20.21
07/29/2008,21.53
07/30/2008,22.34
07/31/2008,22.67
08/01/2008,21.88
08/04/2008,22.07
08/05/2008,23.78
08/06/2008,23.09
08/07/2008,22.48
08/08/2008,23.59
08/11/2008,23.41
08/12/2008,23.46
08/13/2008,23.21
08/14/2008,21.73
08/15/2008,21.43
08/18/2008,21.97
08/19/2008,22.25
08/20/2008,21.89
08/21/2008,21.86
08/22/2008,20.84
08/25/2008,21.8
08/26/2008,20.9
08/27/2008,19.7
08/28/2008,19.38
08/29/2008,19.39
09/02/2008,19.32
09/03/2008,19.09
09/04/2008,19.76
09/05/2008,19.78
09/08/2008,20.11
09/09/2008,22.1
09/10/2008,22.04
09/11/2008,22.32
09/12/2008,22.3
09/15/2008,27.95
09/16/2008,28.59
09/17/2008,32.75
09/18/2008,34.88
09/19/2008,37.75
09/22/2008,39.79
09/23/2008,39.93
09/24/2008,39.42
09/25/2008,40.32
09/26/2008,40.24
09/29/2008,52.08
09/30/2008,55.58
10/01/2008,55.61
10/02/2008,57.34
10/03/2008,56.47
10/06/2008,58.45
10/07/2008,61.2
10/08/2008,60.21
10/09/2008,66.26
10/10/2008,66.08
10/13/2008,76.05
10/14/2008,74.21
10/15/2008,81.7
10/16/2008,81.45
10/17/2008,80.5
10/20/2008,80.71
10/21/2008,80.45
10/22/2008,82.75
10/23/2008,82.83
10/24/2008,83.44
10/27/2008,84.24
10/28/2008,85.33
10/29/2008,83.26
10/30/2008,83.96
10/31/2008,83.02
11/03/2008,82.93
11/04/2008,82.63
11/05/2008,82.6
11/06/2008,84.22
11/07/2008,80.12
11/10/2008,80.2
11/11/2008,71.3
11/12/2008,73.47
11/13/2008,68.88
11/14/2008,69.03
11/17/2008,69.52
11/18/2008,67.78
11/19/2008,70.08
11/20/2008,71.34
11/21/2008,74.08
11/24/2008,75.58
11/25/2008,74.8
11/26/2008,66.64
11/28/2008,66.37
12/01/2008,72.85
12/02/2008,73.85
12/03/2008,74.34
12/04/2008,73.85
12/05/2008,72.41
12/08/2008,71.37
12/09/2008,71.08
12/10/2008,71.08
12/11/2008,71.27
12/12/2008,68.99
12/15/2008,64.97
12/16/2008,65.19
12/17/2008,64.75
12/18/2008,65.05
12/19/2008,61.62
12/22/2008,57.07
12/23/2008,53.44
12/24/2008,49.62
12/26/2008,49.48
12/29/2008,47.99
12/30/2008,48.59
12/31/2008,36.89
01/02/2009,35.69
01/05/2009,34.62
01/06/2009,33.11
01/07/2009,32.29
01/08/2009,29.98
01/09/2009,30.06
01/12/2009,30.82
01/13/2009,29.23
01/14/2009,31.23
01/15/2009,30.99
01/16/2009,26.04
01/20/2009,31.63
01/21/2009,34.01
01/22/2009,34.37
01/23/2009,33.84
01/26/2009,33.71
01/27/2009,33.91
01/28/2009,35.45
01/29/2009,37.09
01/30/2009,37.03
02/02/2009,36.67
02/03/2009,35.75
02/04/2009,35.83
02/05/2009,36.13
02/06/2009,35.74
02/09/2009,35.73
02/10/2009,38.81
02/11/2009,38.08
02/12/2009,38.08
02/13/2009,36.6
02/17/2009,39.73
02/18/2009,39.68
02/19/2009,35.41
02/20/2009,32.65
02/23/2009,34.47
02/24/2009,36.88
02/25/2009,36.98
02/26/2009,37.16
02/27/2009,36.51
03/02/2009,38.43
03/03/2009,37.71
03/04/2009,38.57
03/05/2009,40.85
03/06/2009,40.77
03/09/2009,40.62
03/10/2009,44.58
03/11/2009,44.61
03/12/2009,43.36
03/13/2009,43.38
03/16/2009,43.39
03/17/2009,44.48
03/18/2009,42.34
03/19/2009,42.61
03/20/2009,43.02
03/23/2009,49.02
03/24/2009,47.95
03/25/2009,46.19
03/26/2009,46.78
03/27/2009,47
03/30/2009,47.85
03/31/2009,45.1
04/01/2009,45.45
04/02/2009,45.79
04/03/2009,43.55
04/06/2009,43.64
04/07/2009,44.24
04/08/2009,39.48
04/09/2009,41.57
04/13/2009,39.39
04/14/2009,39.82
04/15/2009,40.03
04/16/2009,38.92
04/17/2009,38.29
04/20/2009,40.87
04/21/2009,40.81
04/22/2009,33.2
04/23/2009,32.71
04/24/2009,32.98
04/27/2009,32.11
04/28/2009,31.33
04/29/2009,29.89
04/30/2009,29.75
05/01/2009,29.13
05/04/2009,29.86
05/05/2009,29.72
05/06/2009,30.22
05/07/2009,29.49
05/08/2009,30.39
05/11/2009,28.3
05/12/2009,28.3
05/13/2009,29.1
05/14/2009,28.95
05/15/2009,28.71
05/18/2009,30.25
05/19/2009,26.23
05/20/2009,25.44
05/21/2009,25.93
05/22/2009,25.72
05/26/2009,26.58
05/27/2009,27.08
05/28/2009,27.52
05/29/2009,27.07
06/01/2009,28.26
06/02/2009,28.19
06/03/2009,25.95
06/04/2009,26.09
06/05/2009,25.35
06/08/2009,24.89
06/09/2009,23.45
06/10/2009,22.36
06/11/2009,22.43
06/12/2009,20.38
06/15/2009,21.81
06/16/2009,22.07
06/17/2009,19.78
06/18/2009,19.91
06/19/2009,19.84
06/22/2009,21.44
06/23/2009,21.43
06/24/2009,19.82
06/25/2009,20.26
06/26/2009,19.64
06/29/2009,19.11
06/30/2009,17.51
07/01/2009,17.57
07/02/2009,19.7
07/06/2009,19.44
07/07/2009,20.72
07/08/2009,20.7
07/09/2009,20.69
07/10/2009,20.68
07/13/2009,22.14
07/14/2009,22.24
07/15/2009,22.94
07/16/2009,22.7
07/17/2009,22.7
07/20/2009,22.88
07/21/2009,22.88
07/22/2009,20.68
07/23/2009,22.03
07/24/2009,21.95
07/27/2009,20.7
07/28/2009,20.71
07/29/2009,20.51
07/30/2009,20.69
07/31/2009,20.64
08/03/2009,18.86
08/04/2009,18.88
08/05/2009,17.51
08/06/2009,17.59
08/07/2009,18.1
08/10/2009,18.09
08/11/2009,16.82
08/12/2009,17.09
08/13/2009,14.13
08/14/2009,14.1
08/17/2009,16.6
08/18/2009,16.5
08/19/2009,16.7
08/20/2009,17.05
08/21/2009,16.56
08/24/2009,16.49
08/25/2009,16.48
08/26/2009,16.46
08/27/2009,16.44
08/28/2009,16
08/31/2009,16.23
09/01/2009,17.32
09/02/2009,17.32
09/03/2009,17.51
09/04/2009,18.09
09/08/2009,17.78
09/09/2009,17.96
09/10/2009,17.71
09/11/2009,17.3
09/14/2009,17.18
09/15/2009,16.96
09/16/2009,15.39
09/17/2009,15.05
09/18/2009,14.78
09/21/2009,14.4
09/22/2009,13.08
09/23/2009,13.47
09/24/2009,13.89
09/25/2009,14.02
09/28/2009,15.16
09/29/2009,15.18
09/30/2009,15.01
10/01/2009,15.3
10/02/2009,15.33
10/05/2009,15.93
10/06/2009,15.93
10/07/2009,15.7
10/08/2009,15.67
10/09/2009,15.4
10/12/2009,15.47
10/13/2009,15.36
10/14/2009,16.43
10/15/2009,15.65
10/16/2009,15.82
10/19/2009,16.11
10/20/2009,16.22
10/21/2009,16.36
10/22/2009,16.39
10/23/2009,16.49
10/26/2009,16.89
10/27/2009,15.88
10/28/2009,17.21
10/29/2009,18.58
10/30/2009,19.34
11/02/2009,19.42
11/03/2009,18.77
11/04/2009,18.15
11/05/2009,19.2
11/06/2009,19.05
11/09/2009,20.5
11/10/2009,20.44
11/11/2009,20.5
11/12/2009,19.9
11/13/2009,19.96
11/16/2009,20.43
11/17/2009,20.2
11/18/2009,20.09
11/19/2009,20.34
11/20/2009,20.08
11/23/2009,20.18
11/24/2009,19.74
11/25/2009,19.76
11/27/2009,19.63
11/30/2009,18.35
12/01/2009,15.86
12/02/2009,15.68
12/03/2009,15.9
12/04/2009,16.01
12/07/2009,14.74
12/08/2009,15.12
12/09/2009,13
12/10/2009,13.15
12/11/2009,13.14
12/14/2009,12.9
12/15/2009,12.89
12/16/2009,11.9
12/17/2009,12.63
12/18/2009,12.8
12/21/2009,12.55
12/22/2009,12.56
12/23/2009,11.81
12/24/2009,11.96
12/28/2009,11.88
12/29/2009,10.09
12/30/2009,9.94
12/31/2009,9.66
01/04/2010,11.08
01/05/2010,10.76
01/06/2010,10.57
01/07/2010,10.62
01/08/2010,10.09
01/11/2010,10.04
01/12/2010,10.32
01/13/2010,10.6
01/14/2010,10.41
01/15/2010,10.99
01/19/2010,11.78
01/20/2010,11.59
01/21/2010,13.27
01/22/2010,14.97
01/25/2010,15.04
01/26/2010,15.1
01/27/2010,15.08
01/28/2010,15.62
01/29/2010,16.01
02/01/2010,16.73
02/02/2010,17.04
02/03/2010,16.26
02/04/2010,19.64
02/05/2010,19.67
02/08/2010,19.86
02/09/2010,20.36
02/10/2010,20.36
02/11/2010,20.39
02/12/2010,20.19
02/16/2010,20.94
02/17/2010,20.62
02/18/2010,20.32
02/19/2010,19.99
02/22/2010,18.79
02/23/2010,17.61
02/24/2010,17.81
02/25/2010,17.75
02/26/2010,17.67
03/01/2010,17.55
03/02/2010,17.2
03/03/2010,16.5
03/04/2010,15.87
03/05/2010,16.52
03/08/2010,12.27
03/09/2010,12.24
03/10/2010,11.96
03/11/2010,11.12
03/12/2010,11.1
03/15/2010,10.59
03/16/2010,10.91
03/17/2010,9.58
03/18/2010,9.47
03/19/2010,9.36
03/22/2010,9.54
03/23/2010,9.89
03/24/2010,9.13
03/25/2010,8.56
03/26/2010,8.55
03/29/2010,8.79
03/30/2010,8.04
03/31/2010,8.08
04/01/2010,8.4
04/05/2010,8.79
04/06/2010,7.31
04/07/2010,7.55
04/08/2010,7.6
04/09/2010,7.77
04/12/2010,7.68
04/13/2010,7.69
04/14/2010,8.52
04/15/2010,8.1
04/16/2010,9.65
04/19/2010,9.77
04/20/2010,9.99
04/21/2010,9.83
04/22/2010,9.54
04/23/2010,9.62
04/26/2010,9.69
04/27/2010,12.8
04/28/2010,12.87
04/29/2010,13.55
04/30/2010,14.65
05/03/2010,15.14
05/04/2010,17.07
05/05/2010,17.21
05/06/2010,20.28
05/07/2010,21.16
05/10/2010,25.82
05/11/2010,25.84
05/12/2010,26.29
05/13/2010,26.38
05/14/2010,27.17
05/17/2010,26.58
05/18/2010,26.95
05/19/2010,26.87
05/20/2010,30.17
05/21/2010,30.59
05/24/2010,30.86
05/25/2010,30.84
05/26/2010,29.73
05/27/2010,31.67
05/28/2010,31.7
06/01/2010,31.74
06/02/2010,32.66
06/03/2010,31.6
06/04/2010,33.78
06/07/2010,32.31
06/08/2010,31.9
06/09/2010,28.23
06/10/2010,29.99
06/11/2010,29.64
06/14/2010,29.33
06/15/2010,29.65
06/16/2010,29.65
06/17/2010,29.28
06/18/2010,29.21
06/21/2010,25.8
06/22/2010,25.88
06/23/2010,25.48
06/24/2010,26.17
06/25/2010,26.15
06/28/2010,23.67
06/29/2010,25.79
06/30/2010,25.4
07/01/2010,23.8
07/02/2010,23.83
07/06/2010,20.57
07/07/2010,22.8
07/08/2010,22.81
07/09/2010,22.86
07/12/2010,20.46
07/13/2010,21.03
07/14/2010,21.03
07/15/2010,19.52
07/16/2010,21.89
07/19/2010,21.97
07/20/2010,22.27
07/21/2010,22.66
07/22/2010,23.27
07/23/2010,23.44
07/26/2010,22.98
07/27/2010,22.92
07/28/2010,23.04
07/29/2010,20.21
07/30/2010,19.85
08/02/2010,21.25
08/03/2010,21.25
08/04/2010,21.28
08/05/2010,18.3
08/06/2010,18.02
08/09/2010,17.98
08/10/2010,18.11
08/11/2010,19.83
08/12/2010,19.95
08/13/2010,19.99
08/16/2010,17.37
08/17/2010,17.8
08/18/2010,17.43
08/19/2010,17.93
08/20/2010,16.26
08/23/2010,16.03
08/24/2010,16.43
08/25/2010,16.47
08/26/2010,16.49
08/27/2010,17.41
08/30/2010,18.11
08/31/2010,16.41
09/01/2010,19.35
09/02/2010,19.51
09/03/2010,19.98
09/07/2010,20.32
09/08/2010,20.34
09/09/2010,20.29
09/10/2010,17.97
09/13/2010,18.22
09/14/2010,18.16
09/15/2010,18.23
09/16/2010,17.7
09/17/2010,17.7
09/20/2010,17.48
09/21/2010,17.45
09/22/2010,17.5
09/23/2010,16.98
09/24/2010,18.46
09/27/2010,18.35
09/28/2010,17.48
09/29/2010,16.78
09/30/2010,16.8
10/01/2010,13.28
10/04/2010,13.15
10/05/2010,14.21
10/06/2010,13.65
10/07/2010,13.47
10/08/2010,13.5
10/11/2010,13.4
10/12/2010,12.96
10/13/2010,13.19
10/14/2010,13.16
10/15/2010,13.18
10/18/2010,13.4
10/19/2010,13.53
10/20/2010,14.03
10/21/2010,13.92
10/22/2010,13.61
10/25/2010,11.5
10/26/2010,11.38
10/27/2010,11.31
10/28/2010,11.27
10/29/2010,11.23
11/01/2010,11.14
11/02/2010,11.18
11/03/2010,8.86
11/04/2010,11.08
11/05/2010,11.14
11/08/2010,10.99
11/09/2010,11.31
11/10/2010,11.3
11/11/2010,11.1
11/12/2010,11.74
11/15/2010,11.74
11/16/2010,12.7
11/17/2010,11.36
11/18/2010,11.97
11/19/2010,11.99
11/22/2010,11.97
11/23/2010,12.94
11/24/2010,13.96
11/26/2010,14.51
11/29/2010,14.53
11/30/2010,14.66
12/01/2010,16.41
12/02/2010,16.76
12/03/2010,16.74
12/06/2010,15.36
12/07/2010,15.31
12/08/2010,15.35
12/09/2010,15.17
12/10/2010,15.25
12/13/2010,15.2
12/14/2010,14.66
12/15/2010,14.73
12/16/2010,13.84
12/17/2010,13.84
12/20/2010,12.8
12/21/2010,12.93
12/22/2010,12.97
12/23/2010,11.97
12/27/2010,10.77
12/28/2010,9.99
12/29/2010,9.97
12/30/2010,9.79
12/31/2010,6.42
01/03/2011,5.77
01/04/2011,5.71
01/05/2011,5.98
01/06/2011,6.03
01/07/2011,5.95
01/10/2011,5.79
01/11/2011,5.59
01/12/2011,6.34
01/13/2011,6.36
01/14/2011,6.61
01/18/2011,6.35
01/19/2011,7.28
01/20/2011,7.25
01/21/2011,7
01/24/2011,7.19
01/25/2011,7.17
01/26/2011,7.32
01/27/2011,7.34
01/28/2011,9.66
01/31/2011,10.03
02/01/2011,11.48
02/02/2011,11
02/03/2011,11.02
02/04/2011,10.93
02/07/2011,11.1
02/08/2011,11.17
02/09/2011,11.2
02/10/2011,11.13
02/11/2011,10.92
02/14/2011,10.93
02/15/2011,10.72
02/16/2011,10.9
02/17/2011,10.35
02/18/2011,10.37
02/22/2011,12.55
02/23/2011,12.55
02/24/2011,12.56
02/25/2011,12.99
02/28/2011,13.12
03/01/2011,12.89
03/02/2011,12.6
03/03/2011,12.74
03/04/2011,12.98
03/07/2011,13.25
03/08/2011,13.55
03/09/2011,13.39
03/10/2011,14.83
03/11/2011,15
03/14/2011,15.13
03/15/2011,15.47
03/16/2011,16.94
03/17/2011,17.5
03/18/2011,17.45
03/21/2011,18.16
03/22/2011,18.19
03/23/2011,16.77
03/24/2011,16.96
03/25/2011,16.99
03/28/2011,16.61
03/29/2011,16.64
03/30/2011,15.79
03/31/2011,15.78
04/01/2011,14.72
04/04/2011,14.48
04/05/2011,14.22
04/06/2011,13.92
04/07/2011,13.92
04/08/2011,12.37
04/11/2011,12.18
04/12/2011,12.27
04/13/2011,11.66
04/14/2011,9.37
04/15/2011,8.3
04/18/2011,9.07
04/19/2011,7.7
04/20/2011,9.01
04/21/2011,9.11
04/25/2011,8.53
04/26/2011,9.02
04/27/2011,9.23
04/28/2011,9.05
04/29/2011,8.75
05/02/2011,8.75
05/03/2011,8.71
05/04/2011,9.03
05/05/2011,9.58
05/06/2011,9.64
05/09/2011,9.73
05/10/2011,10.09
05/11/2011,10.79
05/12/2011,10.63
05/13/2011,10.97
05/16/2011,11.18
05/17/2011,11.11
05/18/2011,10.79
05/19/2011,10.65
05/20/2011,9.85
05/23/2011,10.56
05/24/2011,10.55
05/25/2011,10.14
05/26/2011,10.02
05/27/2011,10.05
05/31/2011,10.63
06/01/2011,13.24
06/02/2011,13.19
06/03/2011,13.4
06/06/2011,13.56
06/07/2011,13.49
06/08/2011,13.49
06/09/2011,13.4
06/10/2011,13.69
06/13/2011,13.59
06/14/2011,14.07
06/15/2011,15.29
06/16/2011,15.32
06/17/2011,15.06
06/20/2011,15.15
06/21/2011,15.6
06/22/2011,15.19
06/23/2011,15.22
06/24/2011,15.72
06/27/2011,15.96
06/28/2011,16.5
06/29/2011,16.38
06/30/2011,14.7
07/01/2011,15.54
07/05/2011,15.19
07/06/2011,14.71
07/07/2011,15.16
07/08/2011,15.33
07/11/2011,16.36
07/12/2011,15.68
07/13/2011,15.73
07/14/2011,15.28
07/15/2011,14.05
07/18/2011,14.32
07/19/2011,15.35
07/20/2011,15.24
07/21/2011,15.28
07/22/2011,15.13
07/25/2011,15.22
07/26/2011,14.73
07/27/2011,16.08
07/28/2011,15.5
07/29/2011,15.42
08/01/2011,15.15
08/02/2011,16.86
08/03/2011,16.96
08/04/2011,24.16
08/05/2011,23.88
08/08/2011,33.33
08/09/2011,36.23
08/10/2011,39.58
08/11/2011,42.52
08/12/2011,42.5
08/15/2011,43.07
08/16/2011,43.09
08/17/2011,42.73
08/18/2011,45.35
08/19/2011,45.47
08/22/2011,45.47
08/23/2011,46.84
08/24/2011,47.05
08/25/2011,46.81
08/26/2011,47.04
08/29/2011,48
08/30/2011,47.98
08/31/2011,47.17
09/01/2011,47.29
09/02/2011,44.98
09/06/2011,45.05
09/07/2011,39.67
09/08/2011,36.68
09/09/2011,34.23
09/12/2011,30.54
09/13/2011,30.64
09/14/2011,30.12
09/15/2011,30.47
09/16/2011,30.55
09/19/2011,26.72
09/20/2011,26.11
09/21/2011,28.27
09/22/2011,28.1
09/23/2011,27.76
09/26/2011,28.5
09/27/2011,28.37
09/28/2011,27.61
09/29/2011,27.74
09/30/2011,29
10/03/2011,30.54
10/04/2011,30.13
10/05/2011,30.7
10/06/2011,29.79
10/07/2011,29.69
10/10/2011,30.64
10/11/2011,30.58
10/12/2011,30.55
10/13/2011,30.2
10/14/2011,30.29
10/17/2011,31.03
10/18/2011,31.63
10/19/2011,31.92
10/20/2011,30.06
10/21/2011,28.76
10/24/2011,29.03
10/25/2011,28.62
10/26/2011,28.57
10/27/2011,29.99
10/28/2011,29.86
10/31/2011,29.91
11/01/2011,29.65
11/02/2011,29.16
11/03/2011,29.14
11/04/2011,28.57
11/07/2011,28.52
11/08/2011,26.31
11/09/2011,29.35
11/10/2011,29.33
11/11/2011,30.06
11/14/2011,29.64
11/15/2011,28.82
11/16/2011,28.54
11/17/2011,28.76
11/18/2011,28.72
11/21/2011,28.73
11/22/2011,28.44
11/23/2011,28.63
11/25/2011,28.49
11/28/2011,28.27
11/29/2011,28.28
11/30/2011,30.47
12/01/2011,28.93
12/02/2011,28.41
12/05/2011,27.95
12/06/2011,27.88
12/07/2011,27.82
12/08/2011,28.46
12/09/2011,25.94
12/12/2011,26.28
12/13/2011,25.63
12/14/2011,25.69
12/15/2011,25.65
12/16/2011,25.01
12/19/2011,24.69
12/20/2011,26.73
12/21/2011,25.89
12/22/2011,26.01
12/23/2011,25.08
12/27/2011,24.99
12/28/2011,22.75
12/29/2011,22.99
12/30/2011,18.04
01/03/2012,18.82
01/04/2012,18.82
01/05/2012,18.47
01/06/2012,18.49
01/09/2012,18.49
01/10/2012,17.27
01/11/2012,16.3
01/12/2012,15.47
01/13/2012,15.23
01/17/2012,14.8
01/18/2012,15.22
01/19/2012,15.31
01/20/2012,14.81
01/23/2012,10.68
01/24/2012,10.67
01/25/2012,10.66
01/26/2012,10.37
01/27/2012,10.38
01/30/2012,9.51
01/31/2012,8.88
02/01/2012,9.28
02/02/2012,7.57
02/03/2012,9.02
02/06/2012,8.97
02/07/2012,8.97
02/08/2012,8.98
02/09/2012,8.43
02/10/2012,8.81
02/13/2012,9.07
02/14/2012,8.92
02/15/2012,9.04
02/16/2012,9.16
02/17/2012,9.02
02/21/2012,9.02
02/22/2012,9.09
02/23/2012,9.2
02/24/2012,8.75
02/27/2012,8.58
02/28/2012,8.64
02/29/2012,8.76
03/01/2012,9.03
03/02/2012,8.55
03/05/2012,8.65
03/06/2012,8.87
03/07/2012,9.2
03/08/2012,9.76
03/09/2012,9.8
03/12/2012,9.78
03/13/2012,11.34
03/14/2012,11.1
03/15/2012,11.27
03/16/2012,11.11
03/19/2012,10.46
03/20/2012,10.47
03/21/2012,10.49
03/22/2012,10.74
03/23/2012,10.71
03/26/2012,11.66
03/27/2012,11.68
03/28/2012,11.77
03/29/2012,11.64
03/30/2012,11.51
04/02/2012,11.75
04/03/2012,11.76
04/04/2012,11.04
04/05/2012,10.76
04/09/2012,10.94
04/10/2012,12.4
04/11/2012,12.68
04/12/2012,11.98
04/13/2012,12.75
04/16/2012,12.61
04/17/2012,13.66
04/18/2012,13.67
04/19/2012,13.79
04/20/2012,13.79
04/23/2012,13.86
04/24/2012,13.88
04/25/2012,13.88
04/26/2012,14.03
04/27/2012,13.94
04/30/2012,14.02
05/01/2012,14.13
05/02/2012,13.93
05/03/2012,14.1
05/04/2012,14.8
05/07/2012,14.79
05/08/2012,14.36
05/09/2012,13.24
05/10/2012,12.98
05/11/2012,12.17
05/14/2012,11.94
05/15/2012,12.12
05/16/2012,11
05/17/2012,12.15
05/18/2012,12.27
05/21/2012,13.49
05/22/2012,13.17
05/23/2012,13.1
05/24/2012,12.27
05/25/2012,12.08
05/29/2012,12.71
05/30/2012,13.63
05/31/2012,13.47
06/01/2012,16.02
06/04/2012,15.81
06/05/2012,14.93
06/06/2012,16.91
06/07/2012,16.84
06/08/2012,16.91
06/11/2012,17.4
06/12/2012,17.81
06/13/2012,17.6
06/14/2012,17.87
06/15/2012,18.12
06/18/2012,17.33
06/19/2012,17.44
06/20/2012,16.51
06/21/2012,18.31
06/22/2012,18.49
06/25/2012,19.33
06/26/2012,19.38
06/27/2012,19.2
06/28/2012,18.51
06/29/2012,20.51
07/02/2012,18.56
07/03/2012,18.71
07/05/2012,18.65
07/06/2012,17.22
07/09/2012,17.22
07/10/2012,17.27
07/11/2012,16.76
07/12/2012,16.35
07/13/2012,17.05
07/16/2012,16.65
07/17/2012,16.48
07/18/2012,16.65
07/19/2012,16.35
07/20/2012,16.68
07/23/2012,15.07
07/24/2012,15.15
07/25/2012,14.06
07/26/2012,15.03
07/27/2012,16.08
07/30/2012,16.06
07/31/2012,13.53
08/01/2012,13.54
08/02/2012,13.58
08/03/2012,15.04
08/06/2012,14.66
08/07/2012,14.74
08/08/2012,14.45
08/09/2012,14.45
08/10/2012,14.38
08/13/2012,13.32
08/14/2012,13.3
08/15/2012,13.1
08/16/2012,13.11
08/17/2012,13.08
08/20/2012,12.63
08/21/2012,12.22
08/22/2012,11.83
08/23/2012,12.14
08/24/2012,10.99
08/27/2012,8.87
08/28/2012,8.87
08/29/2012,8.67
08/30/2012,9.03
08/31/2012,8.79
09/04/2012,5.76
09/05/2012,5.71
09/06/2012,8.81
09/07/2012,8.93
09/10/2012,9.15
09/11/2012,9.17
09/12/2012,9.21
09/13/2012,10.77
09/14/2012,10.84
09/17/2012,10.6
09/18/2012,10.59
09/19/2012,10.6
09/20/2012,10.55
09/21/2012,10.55
09/24/2012,10.21
09/25/2012,10.69
09/26/2012,10.85
09/27/2012,11.3
09/28/2012,11.46
10/01/2012,11.19
10/02/2012,11.1
10/03/2012,11.19
10/04/2012,11.47
10/05/2012,9.17
10/08/2012,9.12
10/09/2012,9.54
10/10/2012,9.75
10/11/2012,9.71
10/12/2012,8.03
10/15/2012,8.41
10/16/2012,9.02
10/17/2012,9.14
10/18/2012,9.16
10/19/2012,10.97
10/22/2012,10.97
10/23/2012,12.01
10/24/2012,11.45
10/25/2012,11.34
10/26/2012,10.89
10/31/2012,10.73
11/01/2012,11.39
11/02/2012,11.84
11/05/2012,11.78
11/06/2012,11.78
11/07/2012,14.34
11/08/2012,14.9
11/09/2012,14.5
11/12/2012,14.33
11/13/2012,14.4
11/14/2012,15.18
11/15/2012,14.93
11/16/2012,14.61
11/19/2012,16.08
11/20/2012,16.06
11/21/2012,14.9
11/23/2012,15.48
11/26/2012,14.67
11/27/2012,14.74
11/28/2012,14.91
11/29/2012,14.98
11/30/2012,14.98
12/03/2012,14.53
12/04/2012,14.17
12/05/2012,14.16
12/06/2012,13.96
12/07/2012,11.38
12/10/2012,10.57
12/11/2012,10.82
12/12/2012,10.82
12/13/2012,10.94
12/14/2012,9.85
12/17/2012,10.63
12/18/2012,11.19
12/19/2012,9.26
12/20/2012,9.46
12/21/2012,9.97
12/24/2012,9.13
12/26/2012,9.2
12/27/2012,9.06
12/28/2012,9.67
12/31/2012,11.38
01/02/2013,14.22
01/03/2013,14.15
01/04/2013,14.24
01/07/2013,14.27
01/08/2013,14.28
01/09/2013,14.26
01/10/2013,14.5
01/11/2013,14.31
01/14/2013,14.31
01/15/2013,14.16
01/16/2013,14.1
01/17/2013,13.69
01/18/2013,13.16
01/22/2013,12.98
01/23/2013,12.85
01/24/2013,12.44
01/25/2013,12.49
01/28/2013,12.45
01/29/2013,12.54
01/30/2013,11.91
01/31/2013,10.2
02/01/2013,6.43
02/04/2013,7.47
02/05/2013,8.06
02/06/2013,7.99
02/07/2013,7.93
02/08/2013,8.08
02/11/2013,7.65
02/12/2013,7.66
02/13/2013,7.66
02/14/2013,7.66
02/15/2013,7.66
02/19/2013,7.72
02/20/2013,8.83
02/21/2013,8.93
02/22/2013,9.42
02/25/2013,11.32
02/26/2013,11.38
02/27/2013,12.17
02/28/2013,12.08
03/01/2013,12.04
03/04/2013,12.13
03/05/2013,12.14
03/06/2013,11.51
03/07/2013,11.01
03/08/2013,11.09
03/11/2013,11.15
03/12/2013,11.04
03/13/2013,11.05
03/14/2013,11.18
03/15/2013,11.19
03/18/2013,11.34
03/19/2013,11.36
03/20/2013,11.34
03/21/2013,10.89
03/22/2013,10.97
03/25/2013,10.58
03/26/2013,8.91
03/27/2013,8.67
03/28/2013,7.59
04/01/2013,7.66
04/02/2013,7.77
04/03/2013,8.39
04/04/2013,7.87
04/05/2013,8
04/08/2013,8.26
04/09/2013,8.24
04/10/2013,9.15
04/11/2013,9.17
04/12/2013,9.22
04/15/2013,11.72
04/16/2013,12.53
04/17/2013,13.36
04/18/2013,13.5
04/19/2013,13.58
04/22/2013,13.35
04/23/2013,13.6
04/24/2013,13.56
04/25/2013,13.38
04/26/2013,13.4
04/29/2013,13.55
04/30/2013,13.52
05/01/2013,13.75
05/02/2013,13.65
05/03/2013,14.01
05/06/2013,13.96
05/07/2013,13.9
05/08/2013,13.91
05/09/2013,13.32
05/10/2013,13.33
05/13/2013,13.29
05/14/2013,11.53
05/15/2013,10.76
05/16/2013,9.67
05/17/2013,10.02
05/20/2013,9.63
05/21/2013,9.5
05/22/2013,9.21
05/23/2013,9.26
05/24/2013,9.16
05/28/2013,9.41
05/29/2013,9.43
05/30/2013,9.47
05/31/2013,10.32
06/03/2013,10.04
06/04/2013,9.62
06/05/2013,10.75
06/06/2013,11.05
06/07/2013,11.84
06/10/2013,11.79
06/11/2013,12.23
06/12/2013,12.58
06/13/2013,13.15
06/14/2013,13.21
06/17/2013,13.38
06/18/2013,13.24
06/19/2013,14.1
06/20/2013,16.58
06/21/2013,16.37
06/24/2013,16.86
06/25/2013,17.19
06/26/2013,17.35
06/27/2013,17.31
06/28/2013,17.39
07/01/2013,16.78
07/02/2013,16.66
07/03/2013,16.57
07/05/2013,16.2
07/08/2013,16
07/09/2013,15.56
07/10/2013,15.56
07/11/2013,15.87
07/12/2013,15.6
07/15/2013,14.77
07/16/2013,14.69
07/17/2013,14.48
07/18/2013,14.33
07/19/2013,13.49
07/22/2013,10.3
07/23/2013,10.28
07/24/2013,9.5
07/25/2013,8.93
07/26/2013,8.32
07/29/2013,8.17
07/30/2013,7.91
07/31/2013,7.56
08/01/2013,8.6
08/02/2013,8.6
08/05/2013,7.89
08/06/2013,7.94
08/07/2013,7.63
08/08/2013,7.73
08/09/2013,6.27
08/12/2013,6.25
08/13/2013,6.22
08/14/2013,6.3
08/15/2013,8.01
08/16/2013,7.87
08/19/2013,8.15
08/20/2013,8.27
08/21/2013,8.52
08/22/2013,8.89
08/23/2013,8.94
08/26/2013,9.02
08/27/2013,10.54
08/28/2013,10.59
08/29/2013,10.6
08/30/2013,9.84
09/03/2013,9.94
09/04/2013,10.35
09/05/2013,10.17
09/06/2013,10.09
09/09/2013,10.59
09/10/2013,10.84
09/11/2013,10.87
09/12/2013,10.88
09/13/2013,10.78
09/16/2013,9.72
09/17/2013,9.77
09/18/2013,10.34
09/19/2013,10.24
09/20/2013,10.33
09/23/2013,10.05
09/24/2013,10
09/25/2013,9.96
09/26/2013,8.31
09/27/2013,8.38
09/30/2013,8.58
10/01/2013,8.86
10/02/2013,8.73
10/03/2013,8.76
10/04/2013,9.12
10/07/2013,9.61
10/08/2013,9.93
10/09/2013,9.58
10/10/2013,12.04
10/11/2013,12.19
10/14/2013,12.25
10/15/2013,12.36
10/16/2013,13.19
10/17/2013,12.75
10/18/2013,12.93
10/21/2013,12.69
10/22/2013,12.75
10/23/2013,12.83
10/24/2013,12.85
10/25/2013,12.89
10/28/2013,12.82
10/29/2013,12.82
10/30/2013,12.71
10/31/2013,12.75
11/01/2013,12.42
11/04/2013,12.22
11/05/2013,11.89
11/06/2013,11.21
11/07/2013,12.08
11/08/2013,10.58
11/11/2013,10.36
11/12/2013,10.28
11/13/2013,10.32
11/14/2013,9.32
11/15/2013,9.13
11/18/2013,8.93
11/19/2013,8.97
11/20/2013,8.8
11/21/2013,9.06
11/22/2013,9.14
11/25/2013,9.02
11/26/2013,9
11/27/2013,8.81
11/29/2013,8.63
12/02/2013,8.61
12/03/2013,8.66
12/04/2013,8.57
12/05/2013,8.62
12/06/2013,9.31
12/09/2013,8.18
12/10/2013,6.93
12/11/2013,8.05
12/12/2013,8.09
12/13/2013,7.64
12/16/2013,7.77
12/17/2013,7.76
12/18/2013,9.64
12/19/2013,9.61
12/20/2013,9.74
12/23/2013,9.5
12/24/2013,9.43
12/26/2013,9.54
12/27/2013,9.55
12/30/2013,9.52
12/31/2013,9.63
01/02/2014,10.1
01/03/2014,10.03
01/06/2014,10.06
01/07/2014,10.17
01/08/2014,9.42
01/09/2014,9.39
01/10/2014,9.35
01/13/2014,9.56
01/14/2014,10.24
01/15/2014,10.39
01/16/2014,10.12
01/17/2014,10.14
01/21/2014,8.36
01/22/2014,8.36
01/23/2014,8.65
01/24/2014,11.22
01/27/2014,11.32
01/28/2014,11.41
01/29/2014,11.87
01/30/2014,12.42
01/31/2014,12.53
02/03/2014,14.52
02/04/2014,14.73
02/05/2014,14.71
02/06/2014,15.18
02/07/2014,15.83
02/10/2014,15.84
02/11/2014,16.26
02/12/2014,15.61
02/13/2014,15.25
02/14/2014,15.25
02/18/2014,15.25
02/19/2014,15.36
02/20/2014,15.47
02/21/2014,15.48
02/24/2014,15.33
02/25/2014,13.46
02/26/2014,13.34
02/27/2014,13.3
02/28/2014,12.91
03/03/2014,12.63
03/04/2014,13.47
03/05/2014,10.84
03/06/2014,10.58
03/07/2014,10.56
03/10/2014,9.66
03/11/2014,8.74
03/12/2014,8.73
03/13/2014,8.8
03/14/2014,8.88
03/17/2014,9.14
03/18/2014,9.43
03/19/2014,9.58
03/20/2014,9.47
03/21/2014,9.33
03/24/2014,9.42
03/25/2014,9.32
03/26/2014,9.67
03/27/2014,9.7
03/28/2014,9.65
03/31/2014,10.05
04/01/2014,9.99
04/02/2014,8.61
04/03/2014,8.62
04/04/2014,9.52
04/07/2014,10.27
04/08/2014,10.35
04/09/2014,10.85
04/10/2014,13.17
04/11/2014,12.96
04/14/2014,13.2
04/15/2014,13.08
04/16/2014,13.27
04/17/2014,13.17
04/21/2014,13.11
04/22/2014,13.13
04/23/2014,13.08
04/24/2014,12.99
04/25/2014,13.04
04/28/2014,13.08
04/29/2014,13.08
04/30/2014,12.8
05/01/2014,12.6
05/02/2014,12.56
05/05/2014,12.57
05/06/2014,12.25
05/07/2014,11.77
05/08/2014,11.71
05/09/2014,11.14
05/12/2014,8.81
05/13/2014,8.22
05/14/2014,7.91
05/15/2014,8.25
05/16/2014,7.49
05/19/2014,7.58
05/20/2014,7.81
05/21/2014,8.17
05/22/2014,8.18
05/23/2014,8.28
05/27/2014,8.04
05/28/2014,7.96
05/29/2014,7.99
05/30/2014,7.93
06/02/2014,7.94
06/03/2014,7.93
06/04/2014,7.93
06/05/2014,7.69
06/06/2014,7.67
06/09/2014,7.66
06/10/2014,7.61
06/11/2014,7.1
06/12/2014,7.56
06/13/2014,7.46
06/16/2014,6.71
06/17/2014,6.66
06/18/2014,7.03
06/19/2014,6.68
06/20/2014,6.09
06/23/2014,6.03
06/24/2014,6.22
06/25/2014,6.1
06/26/2014,6.1
06/27/2014,5.88
06/30/2014,5.87
07/01/2014,6.31
07/02/2014,6.31
07/03/2014,6.53
07/07/2014,6.25
07/08/2014,6.42
07/09/2014,6.59
07/10/2014,6.74
07/11/2014,6.64
07/14/2014,6.35
07/15/2014,6.28
07/16/2014,6.4
07/17/2014,7.57
07/18/2014,7.98
07/21/2014,8
07/22/2014,8.13
07/23/2014,8.16
07/24/2014,7.89
07/25/2014,7.89
07/28/2014,7.89
07/29/2014,7.99
07/30/2014,7.99
07/31/2014,10.5
08/01/2014,10.53
08/04/2014,10.67
08/05/2014,11.17
08/06/2014,10.93
08/07/2014,11.01
08/08/2014,11.63
08/11/2014,11.66
08/12/2014,11.55
08/13/2014,11.76
08/14/2014,11.79
08/15/2014,11.03
08/18/2014,10.81
08/19/2014,10.93
08/20/2014,10.86
08/21/2014,10.87
08/22/2014,10.89
08/25/2014,10.92
08/26/2014,10.92
08/27/2014,10.83
08/28/2014,10.83
08/29/2014,8.14
09/02/2014,8.1
09/03/2014,7.7
09/04/2014,6.86
09/05/2014,7.06
09/08/2014,6.85
09/09/2014,5.99
09/10/2014,6.05
09/11/2014,6.03
09/12/2014,5.93
09/15/2014,5.74
09/16/2014,6.37
09/17/2014,5.69
09/18/2014,5.68
09/19/2014,5.61
09/22/2014,6.19
09/23/2014,6.49
09/24/2014,6.84
09/25/2014,8.9
09/26/2014,9.32
09/29/2014,9.35
09/30/2014,9.35
10/01/2014,10.48
10/02/2014,10.47
10/03/2014,11.16
10/06/2014,11.05
10/07/2014,12.24
10/08/2014,13.41
10/09/2014,15.09
10/10/2014,15.58
10/13/2014,16.48
10/14/2014,16.48
10/15/2014,16.49
10/16/2014,16.5
10/17/2014,17.12
10/20/2014,17.44
10/21/2014,18.46
10/22/2014,18.5
10/23/2014,18.73
10/24/2014,18.02
10/27/2014,17.81
10/28/2014,18.24
10/29/2014,18.22
10/30/2014,17.74
10/31/2014,18.16
11/03/2014,17.74
11/04/2014,17.75
11/05/2014,17.04
11/06/2014,16.03
11/07/2014,14.41
11/10/2014,13.9
11/11/2014,12.67
11/12/2014,12.67
11/13/2014,12.35
11/14/2014,12.34
11/17/2014,11.34
11/18/2014,10.99
11/19/2014,8.76
11/20/2014,8.44
11/21/2014,7.67
11/24/2014,7.31
11/25/2014,7.3
11/26/2014,6.15
11/28/2014,6.19
12/01/2014,6.19
12/02/2014,5.25
12/03/2014,5.39
12/04/2014,5.32
12/05/2014,4.99
12/08/2014,5.37
12/09/2014,5.36
12/10/2014,7.89
12/11/2014,8.08
12/12/2014,9.5
12/15/2014,9.83
12/16/2014,10.35
12/17/2014,12.49
12/18/2014,14.79
12/19/2014,14.91
12/22/2014,14.93
12/23/2014,14.81
12/24/2014,14.78
12/26/2014,14.8
12/29/2014,14.78
12/30/2014,14.88
12/31/2014,15.14
01/02/2015,15
01/05/2015,16.19
01/06/2015,16.52
01/07/2015,17.01
01/08/2015,17.95
01/09/2015,18.17
01/12/2015,17.44
01/13/2015,17.38
01/14/2015,16.76
01/15/2015,16.88
01/16/2015,17.18
01/20/2015,15.71
01/21/2015,13.54
01/22/2015,14.37
01/23/2015,14.47
01/26/2015,14.48
01/27/2015,15.21
01/28/2015,15.87
01/29/2015,16.2
01/30/2015,16.7
02/02/2015,16.84
02/03/2015,17.57
02/04/2015,16.49
02/05/2015,16.54
02/06/2015,16.07
02/09/2015,14.9
02/10/2015,15.06
02/11/2015,14.79
02/12/2015,15.11
02/13/2015,15.05
02/17/2015,14.7
02/18/2015,13.98
02/19/2015,13.96
02/20/2015,14.01
02/23/2015,13.01
02/24/2015,12.92
02/25/2015,12.9
02/26/2015,12.03
02/27/2015,11.18
03/02/2015,10.89
03/03/2015,10.04
03/04/2015,9.24
03/05/2015,7.77
03/06/2015,9.14
03/09/2015,8.56
03/10/2015,10.23
03/11/2015,10.15
03/12/2015,10.42
03/13/2015,10.61
03/16/2015,11.04
03/17/2015,11
03/18/2015,11.8
03/19/2015,11.92
03/20/2015,12.33
03/23/2015,12.17
03/24/2015,12.36
03/25/2015,13.33
03/26/2015,13.35
03/27/2015,13.37
03/30/2015,14
03/31/2015,14.2
04/01/2015,14.18
04/02/2015,14.15
04/06/2015,14.34
04/07/2015,13.47
04/08/2015,13.43
04/09/2015,12.26
04/10/2015,12.35
04/13/2015,11.66
04/14/2015,11.49
04/15/2015,10.73
04/16/2015,10.68
04/17/2015,10.55
04/20/2015,10.88
04/21/2015,10.42
04/22/2015,10.54
04/23/2015,10.36
04/24/2015,9.04
04/27/2015,9.13
04/28/2015,9.16
04/29/2015,8.25
04/30/2015,8.37
05/01/2015,9.09
05/04/2015,9.08
05/05/2015,9.74
05/06/2015,9.81
05/07/2015,9.85
05/08/2015,10.74
05/11/2015,10.75
05/12/2015,10.71
05/13/2015,10.7
05/14/2015,11.16
05/15/2015,11.17
05/18/2015,10.49
05/19/2015,10.01
05/20/2015,10
05/21/2015,9.9
05/22/2015,9.88
05/26/2015,10.54
05/27/2015,10.9
05/28/2015,10.85
05/29/2015,10.96
06/01/2015,10.42
06/02/2015,9.72
06/03/2015,9.69
06/04/2015,9.18
06/05/2015,9.08
06/08/2015,9.26
06/09/2015,8.04
06/10/2015,8.88
06/11/2015,8.87
06/12/2015,9.26
06/15/2015,8.65
06/16/2015,8.85
06/17/2015,8.83
06/18/2015,9.47
06/19/2015,9.69
06/22/2015,9.94
06/23/2015,9.91
06/24/2015,9.53
06/25/2015,9.04
06/26/2015,9.03
06/29/2015,11.48
06/30/2015,11.49
07/01/2015,11.81
07/02/2015,11.79
07/06/2015,11.46
07/07/2015,11.65
07/08/2015,12.91
07/09/2015,12.93
07/10/2015,13
07/13/2015,13.51
07/14/2015,13.33
07/15/2015,13.25
07/16/2015,13.37
07/17/2015,13.36
07/20/2015,12.92
07/21/2015,12.84
07/22/2015,12.63
07/23/2015,12.78
07/24/2015,13.03
07/27/2015,13.15
07/28/2015,13.8
07/29/2015,11.88
07/30/2015,11.85
07/31/2015,11.54
08/03/2015,11.6
08/04/2015,11.57
08/05/2015,11.42
08/06/2015,10.1
08/07/2015,10.12
08/10/2015,10.15
08/11/2015,9.96
08/12/2015,9.85
08/13/2015,9.86
08/14/2015,9.6
08/17/2015,9.74
08/18/2015,9.77
08/19/2015,10.04
08/20/2015,12.46
08/21/2015,16.58
08/24/2015,21.73
08/25/2015,22.06
08/26/2015,25.31
08/27/2015,26.62
08/28/2015,26.62
08/31/2015,26.78
09/01/2015,28.66
09/02/2015,29.33
09/03/2015,29.31
09/04/2015,29.68
09/08/2015,30.9
09/09/2015,30.96
09/10/2015,30.84
09/11/2015,30.88
09/14/2015,30.91
09/15/2015,31.2
09/16/2015,31.3
09/17/2015,31.3
09/18/2015,31.72
09/21/2015,30.91
09/22/2015,29.2
09/23/2015,25.35
09/24/2015,25.01
09/25/2015,21.31
09/28/2015,21.5
09/29/2015,21.5
09/30/2015,22.3
10/01/2015,19.8
10/02/2015,19.44
10/05/2015,20.43
10/06/2015,19.73
10/07/2015,17.93
10/08/2015,17.54
10/09/2015,17.46
10/12/2015,17.38
10/13/2015,17.46
10/14/2015,16.97
10/15/2015,17.51
10/16/2015,17.56
10/19/2015,16.55
10/20/2015,16.44
10/21/2015,15.94
10/22/2015,16.94
10/23/2015,17.34
10/26/2015,17.37
10/27/2015,14.83
10/28/2015,15.34
10/29/2015,13.86
10/30/2015,13.91
11/02/2015,13.5
11/03/2015,11.99
11/04/2015,11.97
11/05/2015,11.69
11/06/2015,11.26
11/09/2015,11.75
11/10/2015,11.76
11/11/2015,11.62
11/12/2015,12.45
11/13/2015,11.99
11/16/2015,12.96
11/17/2015,12.97
11/18/2015,14.12
11/19/2015,13.96
11/20/2015,12.75
11/23/2015,12.16
11/24/2015,12.14
11/25/2015,12.12
11/27/2015,11.46
11/30/2015,11.51
12/01/2015,11.93
12/02/2015,11.93
12/03/2015,12.87
12/04/2015,14.53
12/07/2015,14.7
12/08/2015,14.86
12/09/2015,14.74
12/10/2015,14.75
12/11/2015,16.24
12/14/2015,15.62
12/15/2015,15.53
12/16/2015,15.44
12/17/2015,16.28
12/18/2015,16.57
12/21/2015,16.82
12/22/2015,17.05
12/23/2015,17.58
12/24/2015,17.6
12/28/2015,17.61
12/29/2015,18
12/30/2015,18.14
12/31/2015,18.15
01/04/2016,18.47
01/05/2016,17.82
01/06/2016,17.13
01/07/2016,18.98
01/08/2016,19.21
01/11/2016,19.01
01/12/2016,19.2
01/13/2016,19.96
01/14/2016,20.68
01/15/2016,21.76
01/19/2016,21.21
01/20/2016,20.96
01/21/2016,20.04
01/22/2016,21.02
01/25/2016,21.45
01/26/2016,21.53
01/27/2016,21.84
01/28/2016,21.91
01/29/2016,22.98
02/01/2016,22.84
02/02/2016,23.47
02/03/2016,22.98
02/04/2016,22.97
02/05/2016,23.44
02/08/2016,22.36
02/09/2016,22.05
02/10/2016,22.05
02/11/2016,22.31
02/12/2016,21.56
02/16/2016,21.54
02/17/2016,20.93
02/18/2016,20.99
02/19/2016,20.6
02/22/2016,21.11
02/23/2016,20.38
02/24/2016,19.76
02/25/2016,19.61
02/26/2016,19.25
02/29/2016,19.45
03/01/2016,19.76
03/02/2016,19.81
03/03/2016,18.8
03/04/2016,18.73
03/07/2016,18.73
03/08/2016,17.92
03/09/2016,17.37
03/10/2016,17.37
03/11/2016,18.21
03/14/2016,17.68
03/15/2016,16.38
03/16/2016,15.51
03/17/2016,14.56
03/18/2016,14.53
03/21/2016,14.53
03/22/2016,13.67
03/23/2016,13.18
03/24/2016,13.09
03/28/2016,12.46
03/29/2016,12.82
03/30/2016,12.49
03/31/2016,9.07
04/01/2016,9.25
04/04/2016,9.24
04/05/2016,9.8
04/06/2016,10.42
04/07/2016,10.55
04/08/2016,10.45
04/11/2016,10.49
04/12/2016,9.54
04/13/2016,10.12
04/14/2016,10.11
04/15/2016,9.92
04/18/2016,9.96
04/19/2016,9.92
04/20/2016,9.91
04/21/2016,10.08
04/22/2016,9.82
04/25/2016,9.83
04/26/2016,9.85
04/27/2016,9.36
04/28/2016,9.76
04/29/2016,9.9
05/02/2016,10.01
05/03/2016,10.39
05/04/2016,10.03
05/05/2016,9.37
05/06/2016,8.49
05/09/2016,8.44
05/10/2016,9.43
05/11/2016,9.44
05/12/2016,8.8
05/13/2016,9.33
05/16/2016,9.93
05/17/2016,10.2
05/18/2016,10.15
05/19/2016,10.21
05/20/2016,10.24
05/23/2016,10.25
05/24/2016,11.19
05/25/2016,11.42
05/26/2016,11.4
05/27/2016,11.04
05/31/2016,10.89
06/01/2016,10.55
06/02/2016,10.15
06/03/2016,9.99
06/06/2016,10.15
06/07/2016,10.1
06/08/2016,10.15
06/09/2016,9.2
06/10/2016,9.15
06/13/2016,9.57
06/14/2016,9.07
06/15/2016,8.42
06/16/2016,7.79
06/17/2016,7.9
06/20/2016,8.1
06/21/2016,7.9
06/22/2016,7.9
06/23/2016,7.89
06/24/2016,14.78
06/27/2016,16.01
06/28/2016,17.07
06/29/2016,18.04
06/30/2016,18.65
07/01/2016,18.63
07/05/2016,18.75
07/06/2016,18.77
07/07/2016,18.77
07/08/2016,19.44
07/11/2016,19.47
07/12/2016,19.37
07/13/2016,19.16
07/14/2016,19.24
07/15/2016,19.23
07/18/2016,19.23
07/19/2016,19.19
07/20/2016,19.12
07/21/2016,19.15
07/22/2016,19.2
07/25/2016,18.68
07/26/2016,13.69
07/27/2016,12.23
07/28/2016,10.62
07/29/2016,8.88
08/01/2016,7.5
08/02/2016,7.78
08/03/2016,7.48
08/04/2016,7.2
08/05/2016,7.73
08/08/2016,5.76
08/09/2016,5.63
08/10/2016,5.14
08/11/2016,5.38
08/12/2016,5.07
08/15/2016,5.17
08/16/2016,5.41
08/17/2016,5.41
08/18/2016,5.28
08/19/2016,5.13
08/22/2016,4.91
08/23/2016,4.88
08/24/2016,5.16
08/25/2016,5.17
08/26/2016,5.2
08/29/2016,5.49
08/30/2016,5.52
08/31/2016,5.2
09/01/2016,5.11
09/02/2016,5.34
09/06/2016,4.64
09/07/2016,4.64
09/08/2016,4.71
09/09/2016,9.68
09/12/2016,10.79
09/13/2016,11.97
09/14/2016,11.93
09/15/2016,12.28
09/16/2016,12.35
09/19/2016,12.32
09/20/2016,12.31
09/21/2016,12.9
09/22/2016,13.06
09/23/2016,13.08
09/26/2016,13.39
09/27/2016,13.55
09/28/2016,13.53
09/29/2016,13.89
09/30/2016,14.11
10/03/2016,14.15
10/04/2016,14.16
10/05/2016,14.18
10/06/2016,14.18
10/07/2016,14.21
10/10/2016,11.52
10/11/2016,11.22
10/12/2016,9.95
10/13/2016,10.01
10/14/2016,9.4
10/17/2016,9.36
10/18/2016,9.59
10/19/2016,9.62
10/20/2016,8.82
10/21/2016,8.57
10/24/2016,8.49
10/25/2016,8.06
10/26/2016,7.8
10/27/2016,7.67
10/28/2016,7.06
10/31/2016,6.53
11/01/2016,6.87
11/02/2016,7.05
11/03/2016,7.08
11/04/2016,7.1
11/07/2016,10.32
11/08/2016,10.26
11/09/2016,10.04
11/10/2016,10.06
11/11/2016,10.02
11/14/2016,10.02
11/15/2016,10.29
11/16/2016,10.1
11/17/2016,10.21
11/18/2016,10.22
11/21/2016,10.53
11/22/2016,10.45
11/23/2016,10.39
11/25/2016,10.48
11/28/2016,10.59
11/29/2016,10.54
11/30/2016,10.58
12/01/2016,10.39
12/02/2016,10.15
12/05/2016,10.23
12/06/2016,10.28
12/07/2016,8.2
12/08/2016,8.13
12/09/2016,7.54
12/12/2016,7.51
12/13/2016,7.81
12/14/2016,8.32
12/15/2016,8.01
12/16/2016,8
12/19/2016,7.86
12/20/2016,7.92
12/21/2016,7.56
12/22/2016,7.53
12/23/2016,7.53
12/27/2016,7.37
12/28/2016,7.52
12/29/2016,7.51
12/30/2016,7.65
01/03/2017,8.02
01/04/2017,8.25
01/05/2017,8.01
01/06/2017,8.02
01/09/2017,6.8
01/10/2017,6.75
01/11/2017,6.47
01/12/2017,6.5
01/13/2017,6.14
01/17/2017,5.53
01/18/2017,5.4
01/19/2017,5.5
01/20/2017,5.57
01/23/2017,5.5
01/24/2017,5.82
01/25/2017,6.49
01/26/2017,6.5
01/27/2017,6.51
01/30/2017,6.42
01/31/2017,6.42
02/01/2017,6.19
02/02/2017,5.53
02/03/2017,5.69
02/06/2017,5.71
02/07/2017,5.59
02/08/2017,5.49
02/09/2017,5.81
02/10/2017,5.89
02/13/2017,6.13
02/14/2017,6.24
02/15/2017,6.35
02/16/2017,6.33
02/17/2017,6.24
02/21/2017,6.5
02/22/2017,6.46
02/23/2017,6.1
02/24/2017,5.39
02/27/2017,5.4
02/28/2017,5.45
03/01/2017,6.86
03/02/2017,7.18
03/03/2017,7.18
03/06/2017,7.24
03/07/2017,6.93
03/08/2017,6.94
03/09/2017,6.95
03/10/2017,7.04
03/13/2017,6.77
03/14/2017,6.76
03/15/2017,7.13
03/16/2017,7.04
03/17/2017,6.87
03/20/2017,6.88
03/21/2017,8.13
03/22/2017,7.88
03/23/2017,7.88
03/24/2017,7.88
03/27/2017,7.89
03/28/2017,8.26
03/29/2017,8.22
03/30/2017,6.84
03/31/2017,6.56
04/03/2017,6.57
04/04/2017,6.51
04/05/2017,6.52
04/06/2017,6.53
04/07/2017,6.53
04/10/2017,6.43
04/11/2017,6.45
04/12/2017,6.46
04/13/2017,6.22
04/17/2017,6.86
04/18/2017,6.92
04/19/2017,6.93
04/20/2017,5.99
04/21/2017,6.05
04/24/2017,7.13
04/25/2017,7.44
04/26/2017,7.43
04/27/2017,7
04/28/2017,7.03
05/01/2017,7.02
05/02/2017,6.97
05/03/2017,6.97
05/04/2017,6.97
05/05/2017,7.03
05/08/2017,6.99
05/09/2017,6.98
05/10/2017,6.99
05/11/2017,7.01
05/12/2017,6.91
05/15/2017,6.72
05/16/2017,6.02
05/17/2017,8.61
05/18/2017,8.68
05/19/2017,8.58
05/22/2017,8.7
05/23/2017,7.86
05/24/2017,7.61
05/25/2017,7.77
05/26/2017,7.76
05/30/2017,7.74
05/31/2017,7.69
06/01/2017,8.15
06/02/2017,8.2
06/05/2017,8.2
06/06/2017,8.12
06/07/2017,8.13
06/08/2017,8.13
06/09/2017,8.14
06/12/2017,8.1
06/13/2017,8.23
06/14/2017,8.06
06/15/2017,8.09
06/16/2017,5.15
06/19/2017,5.78
06/20/2017,5.73
06/21/2017,5.44
06/22/2017,5.4
06/23/2017,5.37
06/26/2017,5.14
06/27/2017,5.78
06/28/2017,6.44
06/29/2017,7.1
06/30/2017,6.59
07/03/2017,6.56
07/05/2017,6.58
07/06/2017,7.25
07/07/2017,7.54
07/10/2017,7.55
07/11/2017,7.54
07/12/2017,7.95
07/13/2017,7.83
07/14/2017,7.97
07/17/2017,7.94
07/18/2017,7.94
07/19/2017,7.61
07/20/2017,7.3
07/21/2017,7.3
07/24/2017,7.3
07/25/2017,7.33
07/26/2017,7.33
07/27/2017,6.84
07/28/2017,6.23
07/31/2017,5.46
08/01/2017,5.48
08/02/2017,5.43
08/03/2017,5.44
08/04/2017,4.43
08/07/2017,3.95
08/08/2017,4.01
08/09/2017,4
08/10/2017,5.84
08/11/2017,5.83
08/14/2017,6.58
08/15/2017,6.58
08/16/2017,6.59
08/17/2017,8.29
08/18/2017,8.32
08/21/2017,8.33
08/22/2017,9.02
08/23/2017,9.07
08/24/2017,9.1
08/25/2017,9.12
08/28/2017,9.11
08/29/2017,9.11
08/30/2017,9.21
08/31/2017,9.41
09/01/2017,9.4
09/05/2017,9.71
09/06/2017,9.76
09/07/2017,9.73
09/08/2017,9.74
09/11/2017,9.16
09/12/2017,9.23
09/13/2017,8.57
09/14/2017,8.57
09/15/2017,8.57
09/18/2017,6.73
09/19/2017,6.7
09/20/2017,6.69
09/21/2017,5.78
09/22/2017,5.65
09/25/2017,5.64
09/26/2017,5.6
09/27/2017,5.77
09/28/2017,5.77
09/29/2017,5.66
10/02/2017,5.59
10/03/2017,5.6
10/04/2017,5.05
10/05/2017,5.26
10/06/2017,5.27
10/09/2017,5.28
10/10/2017,3.87
10/11/2017,3.73
10/12/2017,3.77
10/13/2017,3.78
10/16/2017,3.8
10/17/2017,3.74
10/18/2017,3.74
10/19/2017,3.74
10/20/2017,4.03
10/23/2017,4.23
10/24/2017,4.21
10/25/2017,4.45
10/26/2017,4.23
10/27/2017,5.12
10/30/2017,5.17
10/31/2017,4.89
11/01/2017,4.86
11/02/2017,4.84
11/03/2017,4.59
11/06/2017,4.59
11/07/2017,4.56
11/08/2017,4.52
11/09/2017,4.69
11/10/2017,4.66
11/13/2017,4.66
11/14/2017,4.7
11/15/2017,5.06
11/16/2017,5.76
11/17/2017,5.84
11/20/2017,5.6
11/21/2017,5.88
11/22/2017,5.87
11/24/2017,5.75
11/27/2017,5.75
11/28/2017,6.01
11/29/2017,5.88
11/30/2017,6.47
12/01/2017,6.48
12/04/2017,6.49
12/05/2017,6.53
12/06/2017,6.51
12/07/2017,6.58
12/08/2017,6.8
12/11/2017,6.77
12/12/2017,6.78
12/13/2017,6.77
12/14/2017,6.87
12/15/2017,7.15
12/18/2017,6.95
12/19/2017,7.01
12/20/2017,6.99
12/21/2017,6.66
12/22/2017,6.66
12/26/2017,6.62
12/27/2017,6.64
12/28/2017,5.73
12/29/2017,5.83
01/02/2018,5.64
01/03/2018,5.99
01/04/2018,6.16
01/05/2018,6.51
01/08/2018,6.52
01/09/2018,6.49
01/10/2018,6.25
01/11/2018,6.54
01/12/2018,6.93
01/16/2018,7.02
01/17/2018,7.61
01/18/2018,7.13
01/19/2018,6.9
01/22/2018,7.31
01/23/2018,7.36
01/24/2018,7.33
01/25/2018,7.33
01/26/2018,8.3
01/29/2018,8.57
01/30/2018,9.34
01/31/2018,9.27
02/01/2018,9
02/02/2018,11.55
02/05/2018,18.53
02/06/2018,19.4
02/07/2018,19.49
02/08/2018,23.55
02/09/2018,24.08
02/12/2018,24.46
02/13/2018,24.37
02/14/2018,24.78
02/15/2018,24.91
02/16/2018,24.91
02/20/2018,24.96
02/21/2018,24.87
02/22/2018,24.86
02/23/2018,25.46
02/26/2018,25.79
02/27/2018,25.88
02/28/2018,26.08
03/01/2018,26.2
03/02/2018,26.24
03/05/2018,26.56
03/06/2018,25.47
03/07/2018,20.9
03/08/2018,19.99
03/09/2018,20.81
03/12/2018,16.06
03/13/2018,15.43
03/14/2018,14.75
03/15/2018,14.72
03/16/2018,13.98
03/19/2018,14.24
03/20/2018,14.26
03/21/2018,14.13
03/22/2018,16.61
03/23/2018,18.22
03/26/2018,19.75
03/27/2018,20.16
03/28/2018,19.67
03/29/2018,19.75
04/02/2018,20.82
04/03/2018,21.21
04/04/2018,21.22
04/05/2018,21.31
04/06/2018,22.62
04/09/2018,22.62
04/10/2018,22.54
04/11/2018,22.63
04/12/2018,22.68
04/13/2018,22.64
04/16/2018,22.82
04/17/2018,23.08
04/18/2018,22.54
04/19/2018,22.61
04/20/2018,22.78
04/23/2018,20.96
04/24/2018,20.18
04/25/2018,17.88
04/26/2018,17.33
04/27/2018,17.31
04/30/2018,17
05/01/2018,15.03
05/02/2018,14.64
05/03/2018,14.03
05/04/2018,14.49
05/07/2018,12.41
05/08/2018,12.34
05/09/2018,11.42
05/10/2018,11.63
05/11/2018,11.29
05/14/2018,11.25
05/15/2018,11.21
05/16/2018,10.8
05/17/2018,10.8
05/18/2018,10.65
05/21/2018,10.57
05/22/2018,10.62
05/23/2018,9.48
05/24/2018,9.46
05/25/2018,8.77
05/29/2018,9.6
05/30/2018,10.2
05/31/2018,10.47
06/01/2018,10.8
06/04/2018,10.91
06/05/2018,10.09
06/06/2018,10.41
06/07/2018,10.41
06/08/2018,9.89
06/11/2018,9.44
06/12/2018,9.43
06/13/2018,9.48
06/14/2018,9.1
06/15/2018,8.93
06/18/2018,8.96
06/19/2018,9.02
06/20/2018,8.69
06/21/2018,9.06
06/22/2018,9.04
06/25/2018,10.14
06/26/2018,10.12
06/27/2018,9.7
06/28/2018,8.8
06/29/2018,8.45
07/02/2018,7.67
07/03/2018,7.57
07/05/2018,8.07
07/06/2018,8.03
07/09/2018,8.6
07/10/2018,8.63
07/11/2018,8.92
07/12/2018,9.31
07/13/2018,9.26
07/16/2018,9.25
07/17/2018,9.34
07/18/2018,9.34
07/19/2018,9.35
07/20/2018,9.33
07/23/2018,8.96
07/24/2018,9.05
07/25/2018,8.42
07/26/2018,8.48
07/27/2018,8.33
07/30/2018,8.36
07/31/2018,8.47
08/01/2018,8.45
08/02/2018,8.53
08/03/2018,8.19
08/06/2018,7.82
08/07/2018,7.26
08/08/2018,7.16
08/09/2018,6.8
08/10/2018,6.77
08/13/2018,6.87
08/14/2018,7.2
08/15/2018,7.53
08/16/2018,7.98
08/17/2018,7.92
08/20/2018,7.95
08/21/2018,7.95
08/22/2018,7.8
08/23/2018,7.13
08/24/2018,7.39
08/27/2018,7.57
08/28/2018,7.31
08/29/2018,7.46
08/30/2018,7.63
08/31/2018,7.45
09/04/2018,7.31
09/05/2018,7.24
09/06/2018,7.26
09/07/2018,7.31
09/10/2018,7.31
09/11/2018,6.94
09/12/2018,6.82
09/13/2018,6.72
09/14/2018,6.2
09/17/2018,5.85
09/18/2018,6.06
09/19/2018,6.01
09/20/2018,6.57
09/21/2018,6.58
09/24/2018,6.62
09/25/2018,6.23
09/26/2018,5.72
09/27/2018,5.78
09/28/2018,5.4
10/01/2018,5.31
10/02/2018,5.31
10/03/2018,5.3
10/04/2018,6.05
10/05/2018,6.2
10/08/2018,6.14
10/09/2018,6.12
10/10/2018,12.84
10/11/2018,14.86
10/12/2018,15.48
10/15/2018,15.59
10/16/2018,17.14
10/17/2018,17.03
10/18/2018,17.76
10/19/2018,17.54
10/22/2018,17.6
10/23/2018,17.67
10/24/2018,20.68
10/25/2018,21.6
10/26/2018,22.44
10/29/2018,22.52
10/30/2018,23.09
10/31/2018,23.37
11/01/2018,23.64
11/02/2018,23.55
11/05/2018,23.59
11/06/2018,23.67
11/07/2018,24.77
11/08/2018,22.03
11/09/2018,20.99
11/12/2018,21.47
11/13/2018,21.4
11/14/2018,20.25
11/15/2018,20.52
11/16/2018,19.91
11/19/2018,20.76
11/20/2018,21.56
11/21/2018,21.49
11/23/2018,18.75
11/26/2018,18.46
11/27/2018,17.44
11/28/2018,19.06
11/29/2018,18.33
11/30/2018,18.13
12/03/2018,18.26
12/04/2018,21.37
12/06/2018,21.27
12/07/2018,22.6
12/10/2018,21.39
12/11/2018,21.38
12/12/2018,21.2
12/13/2018,20.17
12/14/2018,21.2
12/17/2018,22.27
12/18/2018,22.02
12/19/2018,22.68
12/20/2018,22.61
12/21/2018,23.01
12/24/2018,24.65
12/26/2018,29.61
12/27/2018,29.26
12/28/2018,29.24
12/31/2018,28.3
01/02/2019,28.29
01/03/2019,29.55
01/04/2019,31.5
01/07/2019,29.5
01/08/2019,29.64
01/09/2019,28.63
01/10/2019,28.66
01/11/2019,28.66
01/14/2019,28.66
01/15/2019,28.93
01/16/2019,28.18
01/17/2019,27.35
01/18/2019,27.71
01/22/2019,27.6
01/23/2019,27.04
01/24/2019,26.02
01/25/2019,24.61
01/28/2019,18.4
01/29/2019,18.18
01/30/2019,18.94
01/31/2019,18.92
02/01/2019,18.91
02/04/2019,16.91
02/05/2019,12.31
02/06/2019,12.05
02/07/2019,12.16
02/08/2019,12.03
02/11/2019,11.95
02/12/2019,12.71
02/13/2019,12.61
02/14/2019,12.03
02/15/2019,12.55
02/19/2019,12.33
02/20/2019,11.51
02/21/2019,10.53
02/22/2019,10.75
02/25/2019,10.75
02/26/2019,10.38
02/27/2019,10.05
02/28/2019,10.09
03/01/2019,8.85
03/04/2019,8.5
03/05/2019,8.51
03/06/2019,8.42
03/07/2019,8.78
03/08/2019,8.8
03/11/2019,9.57
03/12/2019,9.64
03/13/2019,9.91
03/14/2019,8.92
03/15/2019,8.96
03/18/2019,9.01
03/19/2019,8.22
03/20/2019,8.28
03/21/2019,9.06
03/22/2019,11.12
03/25/2019,10.87
03/26/2019,11.14
03/27/2019,11.24
03/28/2019,11.31
03/29/2019,11.49
04/01/2019,11.95
04/02/2019,11.88
04/03/2019,11.89
04/04/2019,11.7
04/05/2019,11.45
04/08/2019,11.43
04/09/2019,10.42
04/10/2019,10.42
04/11/2019,10.15
04/12/2019,10.4
04/15/2019,10.3
04/16/2019,10.22
04/17/2019,10.26
04/18/2019,10.21
04/22/2019,9.51
04/23/2019,7.43
04/24/2019,7.46
04/25/2019,7.05
04/26/2019,7.05
04/29/2019,6.96
04/30/2019,6.6
05/01/2019,5.79
05/02/2019,5.84
05/03/2019,6.6
05/06/2019,6.71
05/07/2019,8.73
05/08/2019,8.73
05/09/2019,8.61
05/10/2019,8.63
05/13/2019,12.13
05/14/2019,12.26
05/15/2019,12.42
05/16/2019,12.78
05/17/2019,12.93
05/20/2019,13.12
05/21/2019,13.44
05/22/2019,13.14
05/23/2019,13.77
05/24/2019,13.78
05/28/2019,14.04
05/29/2019,14.22
05/30/2019,14.24
05/31/2019,14.79
06/03/2019,14.8
06/04/2019,16.27
06/05/2019,16.44
06/06/2019,15.56
06/07/2019,15.91
06/10/2019,15.96
06/11/2019,15.9
06/12/2019,13.44
06/13/2019,13.22
06/14/2019,13.09
06/17/2019,12.74
06/18/2019,13
06/19/2019,12.83
06/20/2019,12.88
06/21/2019,12.86
06/24/2019,12.16
06/25/2019,12.56
06/26/2019,12.18
06/27/2019,12.02
06/28/2019,12.13
07/01/2019,11.51
07/02/2019,11.53
07/03/2019,9.16
07/05/2019,8.76
07/08/2019,8.64
07/09/2019,7.98
07/10/2019,7.96
07/11/2019,7.99
07/12/2019,8.11
07/15/2019,7.96
07/16/2019,8.04
07/17/2019,8.3
07/18/2019,7.68
07/19/2019,7.86
07/22/2019,7.25
07/23/2019,7.61
07/24/2019,7.76
07/25/2019,7.27
07/26/2019,7.52
07/29/2019,7.44
07/30/2019,7.28
07/31/2019,7.71
08/01/2019,8.13
08/02/2019,8.27
08/05/2019,13.15
08/06/2019,13.78
08/07/2019,13.77
08/08/2019,15.03
08/09/2019,15.16
08/12/2019,15.67
08/13/2019,16.51
08/14/2019,19.5
08/15/2019,19.41
08/16/2019,19.98
08/19/2019,20.32
08/20/2019,20.47
08/21/2019,20.52
08/22/2019,20.46
08/23/2019,22.34
08/26/2019,22.55
08/27/2019,22.57
08/28/2019,22.65
08/29/2019,22.76
08/30/2019,22.59
09/03/2019,22.47
09/04/2019,20.36
09/05/2019,20.34
09/06/2019,20.34
09/09/2019,19.36
09/10/2019,19.25
09/11/2019,18.93
09/12/2019,18.24
09/13/2019,14.95
09/16/2019,14.95
09/17/2019,14.15
09/18/2019,13.51
09/19/2019,13.25
09/20/2019,13.08
09/23/2019,13.09
09/24/2019,9.91
09/25/2019,9.49
09/26/2019,9.47
09/27/2019,9.42
09/30/2019,8.55
10/01/2019,9.48
10/02/2019,11.32
10/03/2019,10.96
10/04/2019,11.14
10/07/2019,11.22
10/08/2019,12.46
10/09/2019,12.84
10/10/2019,12.79
10/11/2019,13.26
10/14/2019,13.25
10/15/2019,13.72
10/16/2019,13.71
10/17/2019,13.74
10/18/2019,13.81
10/21/2019,13.89
10/22/2019,13.94
10/23/2019,13.6
10/24/2019,13.43
10/25/2019,13.48
10/28/2019,13.49
10/29/2019,13.36
10/30/2019,12.77
10/31/2019,11.06
11/01/2019,11.23
11/04/2019,10.23
11/05/2019,10.14
11/06/2019,8.57
11/07/2019,8.06
11/08/2019,7.77
11/11/2019,6.86
11/12/2019,6.88
11/13/2019,5.81
11/14/2019,5.78
11/15/2019,6.27
11/18/2019,6.12
11/19/2019,5.65
11/20/2019,5.7
11/21/2019,5.65
11/22/2019,5.66
11/25/2019,6.08
11/26/2019,5.78
11/27/2019,6
11/29/2019,6
12/02/2019,6.66
12/03/2019,6.31
12/04/2019,6.54
12/05/2019,6.56
12/06/2019,7.21
12/09/2019,7.22
12/10/2019,7.2
12/12/2019,8.13
12/13/2019,8.11
12/16/2019,8.46
12/17/2019,8.45
12/18/2019,8.05
12/19/2019,8.18
12/20/2019,8.34
12/23/2019,8.23
12/24/2019,8.22
12/26/2019,8.38
12/27/2019,7.95
12/30/2019,8.16
12/31/2019,8.05
01/02/2020,8.47
01/03/2020,8.24
01/06/2020,7.97
01/07/2020,7.73
01/08/2020,7.92
01/09/2020,7.65
01/10/2020,7.65
01/13/2020,8.01
01/14/2020,7.06
01/15/2020,7.1
01/16/2020,7.24
01/17/2020,7.31
01/21/2020,7.34
01/22/2020,7.2
01/23/2020,7.02
01/24/2020,7.71
01/27/2020,9.47
01/28/2020,9.96
01/29/2020,9.96
01/30/2020,9.83
01/31/2020,11.74
02/03/2020,11.68
02/04/2020,12.58
02/05/2020,13.12
02/06/2020,13.13
02/07/2020,13.14
02/10/2020,13.21
02/11/2020,13.19
02/12/2020,13.15
02/13/2020,13.15
02/14/2020,13.12
02/18/2020,12.86
02/19/2020,12.92
02/20/2020,12.98
02/21/2020,13.47
02/24/2020,17.85
02/25/2020,20.49
02/26/2020,19.79
02/27/2020,25.03
02/28/2020,25.18
03/02/2020,29.53
03/03/2020,30.49
03/04/2020,33.55
03/05/2020,35.12
03/06/2020,35.47
03/09/2020,44.95
03/10/2020,48.07
03/11/2020,51.05
03/12/2020,61.69
03/13/2020,68.73
03/16/2020,81.56
03/17/2020,84.04
03/18/2020,85.81
03/19/2020,85.8
03/20/2020,87.23
03/23/2020,87.77
03/24/2020,92.3
03/25/2020,91.81
03/26/2020,94.08
03/27/2020,93.46
03/30/2020,94.07
03/31/2020,92.96
04/01/2020,93.76
04/02/2020,93
04/03/2020,92.41
04/06/2020,95
04/07/2020,90.89
04/08/2020,90.01
04/09/2020,88.46
04/13/2020,81.46
04/14/2020,76.3
04/15/2020,62.84
04/16/2020,59.51
04/17/2020,57.64
04/20/2020,57.96
04/21/2020,56.8
04/22/2020,56.37
04/23/2020,47.18
04/24/2020,47.19
04/27/2020,42.75
04/28/2020,41.22
04/29/2020,40.7
04/30/2020,40.46
05/01/2020,38.38
05/04/2020,37.61
05/05/2020,37.36
05/06/2020,29.61
05/07/2020,29.89
05/08/2020,28.11
05/11/2020,27.65
05/12/2020,28.35
05/13/2020,27.08
05/14/2020,26.34
05/15/2020,26.3
05/18/2020,26.78
05/19/2020,26.3
05/20/2020,24.7
05/21/2020,23.62
05/22/2020,23.63
05/26/2020,23.52
05/27/2020,23.52
05/28/2020,23.46
05/29/2020,21.77
06/01/2020,21.54
06/02/2020,19.65
06/03/2020,20.13
06/04/2020,19.96
06/05/2020,21.79
06/08/2020,21.82
06/09/2020,21.28
06/10/2020,21.36
06/11/2020,28.97
06/12/2020,28.62
06/15/2020,28.52
06/16/2020,29.19
06/17/2020,27.31
06/18/2020,27.08
06/19/2020,26.5
06/22/2020,26.47
06/23/2020,26.51
06/24/2020,27.66
06/25/2020,27.48
06/26/2020,28.76
06/29/2020,29.09
06/30/2020,29.58
07/01/2020,29.5
07/02/2020,29.2
07/06/2020,29.64
07/07/2020,28.5
07/08/2020,28.33
07/09/2020,28.26
07/10/2020,28.44
07/13/2020,19.66
07/14/2020,19.78
07/15/2020,19.78
07/16/2020,18.79
07/17/2020,18.79
07/20/2020,19
07/21/2020,18.91
07/22/2020,18.86
07/23/2020,19.27
07/24/2020,17.16
07/27/2020,17.16
07/28/2020,14.81
07/29/2020,14.68
07/30/2020,13.68
07/31/2020,13.81
08/03/2020,13.87
08/04/2020,12.92
08/05/2020,12.51
08/06/2020,12.39
08/07/2020,12.23
08/10/2020,11.7
08/11/2020,11.54
08/12/2020,11.58
08/13/2020,11.14
08/14/2020,11.02
08/17/2020,11.02
08/18/2020,10.67
08/19/2020,10.74
08/20/2020,10.63
08/21/2020,9.82
08/24/2020,10.23
08/25/2020,10.02
08/26/2020,10.37
08/27/2020,9.45
08/28/2020,9.57
08/31/2020,9.32
09/01/2020,9.71
09/02/2020,10.87
09/03/2020,16.15
09/04/2020,16.26
09/08/2020,18.87
09/09/2020,20.01
09/10/2020,20.74
09/11/2020,20.2
09/14/2020,20.63
09/15/2020,20.71
09/16/2020,20.72
09/17/2020,20.93
09/18/2020,21.29
09/21/2020,21.58
09/22/2020,21.82
09/23/2020,23.06
09/24/2020,23.05
09/25/2020,23.45
09/28/2020,24.16
09/29/2020,24.19
09/30/2020,24.31
10/01/2020,24.13
10/02/2020,23.8
10/05/2020,21.31
10/06/2020,21.67
10/07/2020,20.34
10/08/2020,19.42
10/09/2020,18.68
10/12/2020,19.5
10/13/2020,19.17
10/14/2020,19.2
10/15/2020,19.16
10/19/2020,19.26
10/20/2020,18.96
10/21/2020,18.66
10/22/2020,16.87
10/23/2020,16.88
10/26/2020,17.19
10/27/2020,16.2
10/28/2020,20.28
10/29/2020,20.42
10/30/2020,20.61
11/02/2020,20.7
11/03/2020,20.79
11/04/2020,21.59
11/05/2020,21.79
11/06/2020,21.6
11/09/2020,21.8
11/10/2020,21.07
11/11/2020,21.13
11/12/2020,21.31
11/13/2020,21.8
11/16/2020,22.21
11/17/2020,21.59
11/18/2020,21.94
11/19/2020,21.98
11/20/2020,22.01
11/23/2020,22.07
11/24/2020,21.81
11/25/2020,21.78
11/27/2020,17.92
11/30/2020,17.6
12/01/2020,17.65
12/02/2020,17.27
12/03/2020,16.1
12/04/2020,14.52
12/07/2020,12.92
12/08/2020,12.95
12/09/2020,12.54
12/10/2020,12.53
12/11/2020,12.25
12/14/2020,11.85
12/15/2020,11.86
12/16/2020,11.08
12/17/2020,11.09
12/18/2020,10.28
12/21/2020,10.34
12/22/2020,10.12
12/23/2020,9.91
12/24/2020,8.39
12/28/2020,8.92
12/29/2020,8.9
12/30/2020,8.8
12/31/2020,8.3
01/04/2021,9.83
01/05/2021,10.12
01/06/2021,9.87
01/07/2021,10.97
01/08/2021,11.1
01/11/2021,10.99
01/12/2021,10.98
01/13/2021,11
01/14/2021,10.9
01/15/2021,10.2
01/19/2021,10.43
01/20/2021,11.33
01/21/2021,11.31
01/22/2021,11.22
01/25/2021,11.27
01/26/2021,11.27
01/27/2021,14.16
01/28/2021,14.13
01/29/2021,15.7
02/01/2021,16.67
02/02/2021,17.2
02/03/2021,16.37
02/04/2021,16.63
02/05/2021,16.55
02/08/2021,16.02
02/09/2021,15.91
02/10/2021,15.74
02/11/2021,15.74
02/12/2021,15.81
02/16/2021,15.8
02/17/2021,15.59
02/18/2021,15.49
02/19/2021,14.75
02/22/2021,15.01
02/23/2021,14.98
02/24/2021,15.4
02/25/2021,17.54
02/26/2021,15.35
03/01/2021,17.1
03/02/2021,15.88
03/03/2021,15.52
03/04/2021,15.48
03/05/2021,16.78
03/08/2021,16.44
03/09/2021,17.07
03/10/2021,17.02
03/11/2021,17.42
03/12/2021,17.42
03/15/2021,17.54
03/16/2021,17.47
03/17/2021,17.5
03/18/2021,18.2
03/19/2021,18.16
03/22/2021,18.37
03/23/2021,18.36
03/24/2021,18.43
03/25/2021,18.12
03/26/2021,16.96
03/29/2021,16.87
03/30/2021,14.83
03/31/2021,14.66
04/01/2021,14.4
04/05/2021,14.47
04/06/2021,12.95
04/07/2021,12.83
04/08/2021,12.01
04/09/2021,12.07
04/12/2021,11.49
04/13/2021,11.52
04/14/2021,11.4
04/15/2021,11.97
04/16/2021,11.98
04/19/2021,11.03
04/20/2021,11.26
04/21/2021,11.37
04/22/2021,11.44
04/23/2021,11.85
04/26/2021,11.72
04/27/2021,10.36
04/28/2021,10.36
04/29/2021,10.53
04/30/2021,10.71
05/03/2021,10.13
05/04/2021,9.13
05/05/2021,9.12
05/06/2021,9.49
05/07/2021,9.69
05/10/2021,9.96
05/11/2021,10.48
05/12/2021,12.73
05/13/2021,13.27
05/14/2021,13.74
05/17/2021,13.71
05/18/2021,13.93
05/19/2021,13.74
05/20/2021,13.83
05/21/2021,13.5
05/24/2021,13.46
05/25/2021,13.46
05/26/2021,13.48
05/27/2021,13.48
05/28/2021,13.33
06/01/2021,13.11
06/02/2021,13.09
06/03/2021,12.99
06/04/2021,13.36
06/07/2021,13.1
06/08/2021,12.85
06/09/2021,12.41
06/10/2021,12.07
06/11/2021,9.64
06/14/2021,8.83
06/15/2021,7.22
06/16/2021,7.44
06/17/2021,6.81
06/18/2021,8.24
06/21/2021,8.7
06/22/2021,8.95
06/23/2021,8.3
06/24/2021,8.5
06/25/2021,8.58
06/28/2021,8.6
06/29/2021,8.58
06/30/2021,8.59
07/01/2021,8.75
07/02/2021,9
07/06/2021,8.48
07/07/2021,8.58
07/08/2021,9.06
07/09/2021,9.71
07/12/2021,9.7
07/13/2021,9.74
07/14/2021,9.72
07/15/2021,9.77
07/16/2021,9.94
07/19/2021,11.27
07/20/2021,11.4
07/21/2021,10.83
07/22/2021,10.65
07/23/2021,11.16
07/26/2021,11.03
07/27/2021,11.04
07/28/2021,11.03
07/29/2021,11.13
07/30/2021,11.26
08/02/2021,11.15
08/03/2021,11.22
08/04/2021,11.32
08/05/2021,11.42
08/06/2021,11.06
08/09/2021,10.49
08/10/2021,10.4
08/11/2021,10.37
08/12/2021,10.41
08/13/2021,10.35
08/16/2021,10.03
08/17/2021,8.83
08/18/2021,8.2
08/19/2021,7.72
08/20/2021,8.13
08/23/2021,7.99
08/24/2021,7.96
08/25/2021,7.85
08/26/2021,8.11
08/27/2021,8.52
08/30/2021,8.46
08/31/2021,8.44
09/01/2021,7.96
09/02/2021,7.85
09/03/2021,7.56
09/07/2021,7.63
09/08/2021,7.64
09/09/2021,7.8
09/10/2021,8.16
09/13/2021,8.13
09/14/2021,8.33
09/15/2021,8.76
09/16/2021,8.46
09/17/2021,8.25
09/20/2021,10.1
09/21/2021,9.75
09/22/2021,9.8
09/23/2021,10.63
09/24/2021,10.62
09/27/2021,10.46
09/28/2021,12.19
09/29/2021,12.1
09/30/2021,12.77
10/01/2021,13.29
10/04/2021,13.92
10/05/2021,14.31
10/06/2021,14.35
10/07/2021,14.63
10/08/2021,14.55
10/11/2021,14.54
10/12/2021,14.55
10/13/2021,14.47
10/14/2021,15.3
10/15/2021,15.5
10/18/2021,15.19
10/19/2021,14.27
10/20/2021,14.32
10/21/2021,14
10/22/2021,13.37
10/25/2021,13.48
10/26/2021,13.45
10/27/2021,11.62
10/28/2021,12.05
10/29/2021,11.35
11/01/2021,10.75
11/02/2021,9.98
11/03/2021,9.65
11/04/2021,9.65
11/05/2021,9.28
11/08/2021,9.26
11/09/2021,9
11/10/2021,9.41
11/11/2021,9.34
11/12/2021,7.8
11/15/2021,7.37
11/16/2021,7.37
11/17/2021,6.92
11/18/2021,6.9
11/19/2021,6.88
11/22/2021,6.73
11/23/2021,6.76
11/24/2021,6.63
11/26/2021,9.75
11/29/2021,13.11
11/30/2021,14.37
12/01/2021,14.98
12/02/2021,15.74
12/03/2021,15.96
12/06/2021,16.48
12/07/2021,17.88
12/08/2021,17.68
12/09/2021,17.84
12/10/2021,17.95
12/13/2021,18.2
12/14/2021,18.32
12/15/2021,19.04
12/16/2021,19.24
12/17/2021,19.56
12/20/2021,19.92
12/21/2021,20.78
12/22/2021,21.04
12/23/2021,21.14
12/27/2021,20.24
12/28/2021,18.67
12/29/2021,18.23
12/30/2021,17.23
12/31/2021,16.59
01/03/2022,15.94
01/04/2022,15.67
01/05/2022,16.5
01/06/2022,14.93
01/07/2022,14.97
01/10/2022,14.78
01/11/2022,14.78
01/12/2022,14.49
01/13/2022,15.05
01/14/2022,14.1
01/18/2022,15.07
01/19/2022,15.07
01/20/2022,15.13
01/21/2022,15.41
01/24/2022,15.11
01/25/2022,15.56
01/26/2022,14.81
01/27/2022,14.88
01/28/2022,17.08
01/31/2022,18.12
02/01/2022,18.23
02/02/2022,18.43
02/03/2022,20.1
02/04/2022,19.03
02/07/2022,19.06
02/08/2022,19.22
02/09/2022,19.85
02/10/2022,20.59
02/11/2022,21.69
02/14/2022,21.21
02/15/2022,21.88
02/16/2022,21.02
02/17/2022,22.01
02/18/2022,21.78
02/22/2022,21.03
02/23/2022,21.88
02/24/2022,21.97
02/25/2022,23.29
02/28/2022,23.25
03/01/2022,22.31
03/02/2022,22.32
03/03/2022,22.26
03/04/2022,22.18
03/07/2022,23.08
03/08/2022,23.19
03/09/2022,26.39
03/10/2022,24.71
03/11/2022,24.67
03/14/2022,23.96
03/15/2022,24.12
03/16/2022,25.32
03/17/2022,25.19
03/18/2022,25.36
03/21/2022,24.24
03/22/2022,24.46
03/23/2022,24.63
03/24/2022,24.37
03/25/2022,23.97
03/28/2022,22.8
03/29/2022,23.19
03/30/2022,22.82
03/31/2022,22.5
04/01/2022,22.34
04/04/2022,20.07
04/05/2022,20.37
04/06/2022,18.63
04/07/2022,18.64
04/08/2022,18.04
04/11/2022,18.87
04/12/2022,17.39
04/13/2022,16.05
04/14/2022,16.49
04/18/2022,16.22
04/19/2022,16.62
04/20/2022,15.97
04/21/2022,15.91
04/22/2022,18.49
04/25/2022,18.42
04/26/2022,20.57
04/27/2022,20.46
04/28/2022,22.14
04/29/2022,25.12
05/02/2022,25.19
05/03/2022,25.06
05/04/2022,26.77
05/05/2022,29.28
05/06/2022,29.31
05/09/2022,31.35
05/10/2022,30.78
05/11/2022,31.25
05/12/2022,31
05/13/2022,31.68
05/16/2022,31.41
05/17/2022,32.15
05/18/2022,34.62
05/19/2022,34.71
05/20/2022,34.36
05/23/2022,33.6
05/24/2022,33.65
05/25/2022,32.25
05/26/2022,32.89
05/27/2022,32.81
05/31/2022,30.23
06/01/2022,30.29
06/02/2022,30.94
06/03/2022,29.7
06/06/2022,27.03
06/07/2022,27.14
06/08/2022,25.01
06/09/2022,26.39
06/10/2022,27.77
06/13/2022,30.89
06/14/2022,29.9
06/15/2022,30.29
06/16/2022,31.59
06/17/2022,28.34
06/21/2022,29.56
06/22/2022,29.57
06/23/2022,29.09
06/24/2022,30.91
06/27/2022,30.76
06/28/2022,30.89
06/29/2022,29.71
06/30/2022,29.75
07/01/2022,29.78
07/05/2022,29.09
07/06/2022,28.53
07/07/2022,28.94
07/08/2022,28.76
07/11/2022,28.79
07/12/2022,27.69
07/13/2022,25.78
07/14/2022,21.96
07/15/2022,22.85
07/18/2022,22.46
07/19/2022,21.5
07/20/2022,21.63
07/21/2022,20.07
07/22/2022,20.31
07/25/2022,20
07/26/2022,17.37
07/27/2022,19.56
07/28/2022,18.64
07/29/2022,19.33
08/01/2022,19.19
08/02/2022,19.06
08/03/2022,19.76
08/04/2022,19.74
08/05/2022,19.11
08/08/2022,19.12
08/09/2022,18.77
08/10/2022,19.85
08/11/2022,19.76
08/12/2022,20.52
08/15/2022,19.56
08/16/2022,19.37
08/17/2022,17.22
08/18/2022,17.09
08/19/2022,17.4
08/22/2022,18.56
08/23/2022,18.58
08/24/2022,18.16
08/25/2022,16.44
08/26/2022,19.91
08/29/2022,19.37
08/30/2022,19.74
08/31/2022,19.79
09/01/2022,19.1
09/02/2022,19.45
09/06/2022,19.48
09/07/2022,20.43
09/08/2022,20.49
09/09/2022,19.91
09/12/2022,20.64
09/13/2022,25.03
09/14/2022,25.04
09/15/2022,25.23
09/16/2022,25.36
09/19/2022,25.07
09/20/2022,24.33
09/21/2022,25.07
09/22/2022,25.22
09/23/2022,25.45
09/26/2022,22.75
09/27/2022,22.65
09/28/2022,23.26
09/29/2022,24.19
09/30/2022,24.6
10/03/2022,25.62
10/04/2022,27.58
10/05/2022,26.88
10/06/2022,27.07
10/07/2022,28.31
10/10/2022,28.16
10/11/2022,27.99
10/12/2022,23.46
10/13/2022,25.07
10/14/2022,25.98
10/17/2022,27.25
10/18/2022,27.42
10/19/2022,27.24
10/20/2022,26.69
10/21/2022,27.74
10/24/2022,27.43
10/25/2022,27.76
10/26/2022,27.85
10/27/2022,27.13
10/28/2022,27.39
10/31/2022,27.12
11/01/2022,25.94
11/02/2022,25.38
11/03/2022,25.65
11/04/2022,25.82
11/07/2022,24.13
11/08/2022,24.06
11/09/2022,25.03
11/10/2022,31.03
11/11/2022,29.92
11/14/2022,29
11/15/2022,27.83
11/16/2022,27.65
11/17/2022,27.58
11/18/2022,27.47
11/21/2022,26.27
11/22/2022,26.36
11/23/2022,25.86
11/25/2022,25.75
11/28/2022,24.95
11/29/2022,24.83
11/30/2022,26.89
12/01/2022,25.43
12/02/2022,25.16
12/05/2022,25.44
12/06/2022,25.71
12/07/2022,25.65
12/08/2022,24.74
12/09/2022,16.78
12/12/2022,17.18
12/13/2022,17.14
12/14/2022,17.04
12/15/2022,18.89
12/16/2022,19.33
12/19/2022,19.5
12/20/2022,19.46
12/21/2022,19.59
12/22/2022,20.11
12/23/2022,20.19
12/27/2022,20.23
12/28/2022,19.95
12/29/2022,20.79
12/30/2022,18.02
01/03/2023,18.07
01/04/2023,18.26
01/05/2023,17.68
01/06/2023,18.63
01/09/2023,18.62
01/10/2023,18.6
01/11/2023,18.94
01/12/2023,18.29
01/13/2023,18.15
01/17/2023,18.02
01/18/2023,16.75
01/19/2023,16.38
01/20/2023,17.24
01/23/2023,17.75
01/24/2023,16.99
01/25/2023,16.24
01/26/2023,16.55
01/27/2023,16.52
01/30/2023,16.55
01/31/2023,16.24
02/01/2023,16.64
02/02/2023,17.3
02/03/2023,17.5
02/06/2023,17.12
02/07/2023,15.89
02/08/2023,16.3
02/09/2023,16.43
02/10/2023,15.83
02/13/2023,16.31
02/14/2023,16.27
02/15/2023,16.3
02/16/2023,16.17
02/17/2023,16
02/21/2023,16.27
02/22/2023,15.71
02/23/2023,15.78
02/24/2023,16.23
02/27/2023,15.86
02/28/2023,15.89
03/01/2023,15.35
03/02/2023,14.72
03/03/2023,15.24
03/06/2023,14.43
03/07/2023,14.92
03/08/2023,14.81
03/09/2023,15.6
03/10/2023,16.04
03/13/2023,15.72
03/14/2023,16.63
03/15/2023,16.23
03/16/2023,17.21
03/17/2023,17.61
03/20/2023,17.17
03/21/2023,17.74
03/22/2023,18.31
03/23/2023,18.25
03/24/2023,18
03/27/2023,17.97
03/28/2023,17.94
03/29/2023,18.59
03/30/2023,18.52
03/31/2023,18.29
04/03/2023,18.36
04/04/2023,17.66
04/05/2023,17.68
04/06/2023,16.45
04/10/2023,15.61
04/11/2023,15.61
04/12/2023,14.68
04/13/2023,15.19
04/14/2023,14.1
04/17/2023,13.67
04/18/2023,12.5
04/19/2023,11.09
04/20/2023,9.78
04/21/2023,9.78
04/24/2023,9.52
04/25/2023,10.96
04/26/2023,11.04
04/27/2023,11.91
04/28/2023,12.09
05/01/2023,11.17
05/02/2023,11.73
05/03/2023,11.82
05/04/2023,12.06
05/05/2023,13.5
05/08/2023,13.5
05/09/2023,13.58
05/10/2023,13.61
05/11/2023,12.93
05/12/2023,12.91
05/15/2023,12.9
05/16/2023,13.03
05/17/2023,13.69
05/18/2023,14.08
05/19/2023,13.88
05/22/2023,13.86
05/23/2023,14.38
05/24/2023,13.51
05/25/2023,13.72
05/26/2023,12.71
05/30/2023,12.41
05/31/2023,12.54
06/01/2023,12.28
06/02/2023,12.97
06/05/2023,12.72
06/06/2023,11.14
06/07/2023,11.19
06/08/2023,11.25
06/09/2023,11.15
06/12/2023,11.58
06/13/2023,11.79
06/14/2023,11.74
06/15/2023,12.23
06/16/2023,11.58
06/20/2023,11.2
06/21/2023,11.31
06/22/2023,11.37
06/23/2023,11.05
06/26/2023,10.86
06/27/2023,11.13
06/28/2023,10.27
06/29/2023,10.35
06/30/2023,10.87
07/03/2023,10.47
07/05/2023,9.33
07/06/2023,9.71
07/07/2023,9.71
07/10/2023,9.57
07/11/2023,9.81
07/12/2023,9.7
07/13/2023,9.78
07/14/2023,9.78
07/17/2023,8.97
07/18/2023,9.21
07/19/2023,9.13
07/20/2023,9.23
07/21/2023,9.16
07/24/2023,8.88
07/25/2023,8.83
07/26/2023,8.01
07/27/2023,8.37
07/28/2023,8.85
07/31/2023,8.05
08/01/2023,8.09
08/02/2023,9.34
08/03/2023,9.4
08/04/2023,9.15
08/07/2023,9.59
08/08/2023,9.65
08/09/2023,9.67
08/10/2023,9.24
08/11/2023,8.87
08/14/2023,9.1
08/15/2023,9.86
08/16/2023,9.86
08/17/2023,10.23
08/18/2023,9.98
08/21/2023,10.26
08/22/2023,10.18
08/23/2023,10.88
08/24/2023,11.9
08/25/2023,11.86
08/28/2023,11.64
08/29/2023,12.65
08/30/2023,12.71
08/31/2023,11.83
09/01/2023,11.79
09/05/2023,11.72
09/06/2023,11.54
09/07/2023,11.51
09/08/2023,11.29
09/11/2023,11.53
09/12/2023,11.68
09/13/2023,11.5
09/14/2023,11.12
09/15/2023,11.68
09/18/2023,11.34
09/19/2023,11.36
09/20/2023,11.55
09/21/2023,12.91
09/22/2023,12.34
09/25/2023,11.47
09/26/2023,13.39
09/27/2023,12.22
09/28/2023,12.26
09/29/2023,12.28
10/02/2023,12.28
10/03/2023,13.05
10/04/2023,13.12
10/05/2023,13.07
10/06/2023,13.65
10/09/2023,13.64
10/10/2023,13.64
10/11/2023,13.7
10/12/2023,13.6
10/13/2023,13.02
10/16/2023,13.53
10/17/2023,13.51
10/18/2023,13.9
10/19/2023,13.02
10/20/2023,13.7
10/23/2023,13.61
10/24/2023,12.85
10/25/2023,12.69
10/26/2023,13.41
10/27/2023,13.39
10/30/2023,14
10/31/2023,14.17
11/01/2023,13.9
11/02/2023,15.09
11/03/2023,15.4
11/06/2023,14.92
11/07/2023,14.77
11/08/2023,14.65
11/09/2023,14.85
11/10/2023,15.63
11/13/2023,15.51
11/14/2023,16.44
11/15/2023,16.46
11/16/2023,15.82
11/17/2023,15.48
11/20/2023,15.11
11/21/2023,15.12
11/22/2023,14.96
11/24/2023,14.19
11/27/2023,13.51
11/28/2023,13.41
11/29/2023,12.73
11/30/2023,12.59
12/01/2023,12.19
12/04/2023,10.48
12/05/2023,10
12/06/2023,10.05
12/07/2023,10.29
12/08/2023,10.39
12/11/2023,10.11
12/12/2023,8.72
12/13/2023,9.99
12/14/2023,7.58
12/15/2023,7.57
12/18/2023,7.84
12/19/2023,8.09
12/20/2023,9.03
12/21/2023,9.59
12/22/2023,9.54
12/26/2023,9.66
12/27/2023,9.7
12/28/2023,9.7
12/29/2023,9.77
01/02/2024,9.88
01/03/2024,10.1
01/04/2024,10.03
01/05/2024,10.03
01/08/2024,11.08
01/09/2024,10.83
01/10/2024,10.95
01/11/2024,10.86
01/12/2024,10.75
01/16/2024,9.63
01/17/2024,9.76
01/18/2024,10.15
01/19/2024,10.81
01/22/2024,10.65
01/23/2024,9.52
01/24/2024,8.94
01/25/2024,9.09
01/26/2024,8.97
01/29/2024,9.35
01/30/2024,9.35
01/31/2024,10.79
02/01/2024,11.46
02/02/2024,11.65
02/05/2024,11.64
02/06/2024,11.67
02/07/2024,11
02/08/2024,10.99
02/09/2024,10.92
02/12/2024,10.91
02/13/2024,11.94
02/14/2024,12.29
02/15/2024,12.35
02/16/2024,12.16
02/20/2024,11.53
02/21/2024,11.5
02/22/2024,13.4
02/23/2024,13.39
02/26/2024,13.33
02/27/2024,13.34
02/28/2024,13.05
02/29/2024,13.1
03/01/2024,12.26
03/04/2024,11.49
03/05/2024,11.49
03/06/2024,11.6
03/07/2024,12.01
03/08/2024,11.84
03/11/2024,11.84
03/12/2024,12.29
03/13/2024,12.3
03/14/2024,11.34
03/15/2024,11.2
03/18/2024,11.21
03/19/2024,11.2
03/20/2024,11.53
03/21/2024,11.56
03/22/2024,9.27
03/25/2024,9.31
03/26/2024,9.24
03/27/2024,9.62
03/28/2024,9.61
04/01/2024,9.57
04/02/2024,9.31
04/03/2024,9.31
04/04/2024,9.68
04/05/2024,10.09
04/08/2024,8.66
04/09/2024,8.46
04/10/2024,8.48
04/11/2024,8.56
04/12/2024,10
04/15/2024,10.11
04/16/2024,10.13
04/17/2024,10.3
04/18/2024,10
04/19/2024,10.24
04/22/2024,10.55
04/23/2024,10.93
04/24/2024,10.88
04/25/2024,10.97
04/26/2024,11.42
04/29/2024,11.47
04/30/2024,12.43
05/01/2024,12.49
05/02/2024,12.95
05/03/2024,13.37
05/06/2024,13.85
05/07/2024,13.84
05/08/2024,13.83
05/09/2024,13.55
05/10/2024,13.33
05/13/2024,12.28
05/14/2024,11.7
05/15/2024,12.45
05/16/2024,12.32
05/17/2024,12.3
05/20/2024,11.9
05/21/2024,11.51
05/22/2024,10.7
05/23/2024,11.05
05/24/2024,11.15
05/28/2024,10.67
05/29/2024,10.89
05/30/2024,9.64
05/31/2024,9.94
06/03/2024,9.32
06/04/2024,8.46
06/05/2024,8.66
06/06/2024,8.65
06/07/2024,8.67
06/10/2024,8.57
06/11/2024,8.6
06/12/2024,9.04
06/13/2024,8.94
06/14/2024,7.83
06/17/2024,8.29
06/18/2024,8.31
06/20/2024,8.34
06/21/2024,8.34
06/24/2024,8.34
06/25/2024,7.99
06/26/2024,7.7
06/27/2024,7.71
06/28/2024,7.49
07/01/2024,7.22
07/02/2024,7.08
07/03/2024,7.21
07/05/2024,6.41
07/08/2024,6.42
07/09/2024,6.4
07/10/2024,7.11
07/11/2024,7.61
07/12/2024,7.31
07/15/2024,7.36
07/16/2024,7.64
07/17/2024,8.56
07/18/2024,8.91
07/19/2024,9.22
07/22/2024,9.85
07/23/2024,9.83
07/24/2024,12.45
07/25/2024,12.57
07/26/2024,13.1
07/29/2024,13
07/30/2024,13.11
07/31/2024,13.99
08/01/2024,14.69
08/02/2024,16.04
08/05/2024,18.6
08/06/2024,18.77
08/07/2024,18.89
08/08/2024,20.28
08/09/2024,20.11
08/12/2024,20.03
08/13/2024,20.78
08/14/2024,20.71
08/15/2024,21
08/16/2024,20.84
08/19/2024,20.96
08/20/2024,20.66
08/21/2024,20.69
08/22/2024,19.35
08/23/2024,19.56
08/26/2024,19.21
08/27/2024,19.22
08/28/2024,19.23
08/29/2024,18.46
08/30/2024,18.07
09/03/2024,18.25
09/04/2024,15.53
09/05/2024,15.34
09/06/2024,16.3
09/09/2024,14.65
09/10/2024,14.69
09/11/2024,15.07
09/12/2024,14.3
09/13/2024,14.35
09/16/2024,13.08
09/17/2024,13.07
09/18/2024,12.69
09/19/2024,14.01
09/20/2024,13.99
09/23/2024,13.79
09/24/2024,13.4
09/25/2024,13.4
09/26/2024,13.47
09/27/2024,13.33
09/30/2024,13.43
10/01/2024,13.53
10/02/2024,11.54
10/03/2024,11.53
10/04/2024,11.87
10/07/2024,10.71
10/08/2024,10.53
10/09/2024,10.7
10/10/2024,10.17
10/11/2024,9.85
10/14/2024,10.17
10/15/2024,10.51
10/16/2024,10.6
10/17/2024,10.55
10/18/2024,8.78
10/21/2024,8.73
10/22/2024,8.67
10/23/2024,9.22
10/24/2024,9.23
10/25/2024,9.13
10/28/2024,9.18
10/29/2024,9.04
10/30/2024,8.49
10/31/2024,10.78
11/01/2024,10.84
11/04/2024,10.47
11/05/2024,10.84
11/06/2024,13.4
11/07/2024,13.47
11/08/2024,13.51
11/11/2024,13.4
11/12/2024,13.1
11/13/2024,12.82
11/14/2024,12.93
11/15/2024,13.79
11/18/2024,13.83
11/19/2024,13.87
11/20/2024,13.87
11/21/2024,13.61
11/22/2024,13.61
